file,line,type,commit,author,date,time,timezone,datetime,depth,length
style.css,1,css,f8887e8d,NandaPayy,2025-04-14,16:34:22,-07:00,2025-04-14T16:34:22-07:00,0,5
style.css,2,css,f8887e8d,NandaPayy,2025-04-14,16:34:22,-07:00,2025-04-14T16:34:22-07:00,0,24
style.css,3,css,f8887e8d,NandaPayy,2025-04-14,16:34:22,-07:00,2025-04-14T16:34:22-07:00,0,0
style.css,4,css,706e054f,NandaPayy,2025-04-08,18:08:35,-07:00,2025-04-08T18:08:35-07:00,0,5
style.css,5,css,706e054f,NandaPayy,2025-04-08,18:08:35,-07:00,2025-04-08T18:08:35-07:00,0,34
style.css,6,css,706e054f,NandaPayy,2025-04-08,18:08:35,-07:00,2025-04-08T18:08:35-07:00,0,33
style.css,7,css,706e054f,NandaPayy,2025-04-08,18:08:35,-07:00,2025-04-08T18:08:35-07:00,0,0
style.css,8,css,86cd0734,NandaPayy,2025-04-03,18:01:14,-07:00,2025-04-03T18:01:14-07:00,0,5
style.css,9,css,86cd0734,NandaPayy,2025-04-03,18:01:14,-07:00,2025-04-03T18:01:14-07:00,0,44
style.css,10,css,86cd0734,NandaPayy,2025-04-03,18:01:14,-07:00,2025-04-03T18:01:14-07:00,0,43
style.css,11,css,86cd0734,NandaPayy,2025-04-03,18:01:14,-07:00,2025-04-03T18:01:14-07:00,0,1
style.css,12,css,86cd0734,NandaPayy,2025-04-03,18:01:14,-07:00,2025-04-03T18:01:14-07:00,0,24
style.css,13,css,706e054f,NandaPayy,2025-04-08,18:08:35,-07:00,2025-04-08T18:08:35-07:00,0,16
style.css,14,css,706e054f,NandaPayy,2025-04-08,18:08:35,-07:00,2025-04-08T18:08:35-07:00,0,18
style.css,15,css,706e054f,NandaPayy,2025-04-08,18:08:35,-07:00,2025-04-08T18:08:35-07:00,0,12
style.css,16,css,706e054f,NandaPayy,2025-04-08,18:08:35,-07:00,2025-04-08T18:08:35-07:00,0,0
style.css,17,css,706e054f,NandaPayy,2025-04-08,18:08:35,-07:00,2025-04-08T18:08:35-07:00,0,0
style.css,18,css,706e054f,NandaPayy,2025-04-08,18:08:35,-07:00,2025-04-08T18:08:35-07:00,0,15
style.css,19,css,706e054f,NandaPayy,2025-04-08,18:08:35,-07:00,2025-04-08T18:08:35-07:00,0,4
style.css,20,css,706e054f,NandaPayy,2025-04-08,18:08:35,-07:00,2025-04-08T18:08:35-07:00,0,13
style.css,21,css,706e054f,NandaPayy,2025-04-08,18:08:35,-07:00,2025-04-08T18:08:35-07:00,0,19
style.css,22,css,706e054f,NandaPayy,2025-04-08,18:08:35,-07:00,2025-04-08T18:08:35-07:00,0,42
style.css,23,css,f8887e8d,NandaPayy,2025-04-14,16:34:22,-07:00,2025-04-14T16:34:22-07:00,0,40
style.css,24,css,f8887e8d,NandaPayy,2025-04-14,16:34:22,-07:00,2025-04-14T16:34:22-07:00,0,44
style.css,25,css,706e054f,NandaPayy,2025-04-08,18:08:35,-07:00,2025-04-08T18:08:35-07:00,0,0
style.css,26,css,706e054f,NandaPayy,2025-04-08,18:08:35,-07:00,2025-04-08T18:08:35-07:00,0,6
style.css,27,css,706e054f,NandaPayy,2025-04-08,18:08:35,-07:00,2025-04-08T18:08:35-07:00,0,7
style.css,28,css,706e054f,NandaPayy,2025-04-08,18:08:35,-07:00,2025-04-08T18:08:35-07:00,0,21
style.css,29,css,706e054f,NandaPayy,2025-04-08,18:08:35,-07:00,2025-04-08T18:08:35-07:00,0,14
style.css,30,css,706e054f,NandaPayy,2025-04-08,18:08:35,-07:00,2025-04-08T18:08:35-07:00,0,18
style.css,31,css,706e054f,NandaPayy,2025-04-08,18:08:35,-07:00,2025-04-08T18:08:35-07:00,0,14
style.css,32,css,706e054f,NandaPayy,2025-04-08,18:08:35,-07:00,2025-04-08T18:08:35-07:00,0,0
style.css,33,css,706e054f,NandaPayy,2025-04-08,18:08:35,-07:00,2025-04-08T18:08:35-07:00,0,12
style.css,34,css,706e054f,NandaPayy,2025-04-08,18:08:35,-07:00,2025-04-08T18:08:35-07:00,0,46
style.css,35,css,f8887e8d,NandaPayy,2025-04-14,16:34:22,-07:00,2025-04-14T16:34:22-07:00,0,70
style.css,36,css,706e054f,NandaPayy,2025-04-08,18:08:35,-07:00,2025-04-08T18:08:35-07:00,0,0
style.css,37,css,706e054f,NandaPayy,2025-04-08,18:08:35,-07:00,2025-04-08T18:08:35-07:00,0,14
style.css,38,css,706e054f,NandaPayy,2025-04-08,18:08:35,-07:00,2025-04-08T18:08:35-07:00,0,44
style.css,39,css,706e054f,NandaPayy,2025-04-08,18:08:35,-07:00,2025-04-08T18:08:35-07:00,0,21
style.css,40,css,706e054f,NandaPayy,2025-04-08,18:08:35,-07:00,2025-04-08T18:08:35-07:00,0,0
style.css,41,css,706e054f,NandaPayy,2025-04-08,18:08:35,-07:00,2025-04-08T18:08:35-07:00,0,0
style.css,42,css,706e054f,NandaPayy,2025-04-08,18:08:35,-07:00,2025-04-08T18:08:35-07:00,0,12
style.css,43,css,706e054f,NandaPayy,2025-04-08,18:08:35,-07:00,2025-04-08T18:08:35-07:00,0,5
style.css,44,css,706e054f,NandaPayy,2025-04-08,18:08:35,-07:00,2025-04-08T18:08:35-07:00,0,13
style.css,45,css,706e054f,NandaPayy,2025-04-08,18:08:35,-07:00,2025-04-08T18:08:35-07:00,0,31
style.css,46,css,706e054f,NandaPayy,2025-04-08,18:08:35,-07:00,2025-04-08T18:08:35-07:00,0,8
style.css,47,css,706e054f,NandaPayy,2025-04-08,18:08:35,-07:00,2025-04-08T18:08:35-07:00,0,0
style.css,48,css,706e054f,NandaPayy,2025-04-08,18:08:35,-07:00,2025-04-08T18:08:35-07:00,0,11
style.css,49,css,706e054f,NandaPayy,2025-04-08,18:08:35,-07:00,2025-04-08T18:08:35-07:00,0,13
style.css,50,css,706e054f,NandaPayy,2025-04-08,18:08:35,-07:00,2025-04-08T18:08:35-07:00,0,30
style.css,51,css,706e054f,NandaPayy,2025-04-08,18:08:35,-07:00,2025-04-08T18:08:35-07:00,0,19
style.css,52,css,706e054f,NandaPayy,2025-04-08,18:08:35,-07:00,2025-04-08T18:08:35-07:00,0,0
style.css,53,css,706e054f,NandaPayy,2025-04-08,18:08:35,-07:00,2025-04-08T18:08:35-07:00,0,10
style.css,54,css,706e054f,NandaPayy,2025-04-08,18:08:35,-07:00,2025-04-08T18:08:35-07:00,0,14
style.css,55,css,706e054f,NandaPayy,2025-04-08,18:08:35,-07:00,2025-04-08T18:08:35-07:00,0,13
style.css,56,css,706e054f,NandaPayy,2025-04-08,18:08:35,-07:00,2025-04-08T18:08:35-07:00,0,11
style.css,57,css,706e054f,NandaPayy,2025-04-08,18:08:35,-07:00,2025-04-08T18:08:35-07:00,0,22
style.css,58,css,706e054f,NandaPayy,2025-04-08,18:08:35,-07:00,2025-04-08T18:08:35-07:00,0,14
style.css,59,css,706e054f,NandaPayy,2025-04-08,18:08:35,-07:00,2025-04-08T18:08:35-07:00,0,0
style.css,60,css,706e054f,NandaPayy,2025-04-08,18:08:35,-07:00,2025-04-08T18:08:35-07:00,0,12
style.css,61,css,706e054f,NandaPayy,2025-04-08,18:08:35,-07:00,2025-04-08T18:08:35-07:00,0,18
style.css,62,css,706e054f,NandaPayy,2025-04-08,18:08:35,-07:00,2025-04-08T18:08:35-07:00,0,15
style.css,63,css,706e054f,NandaPayy,2025-04-08,18:08:35,-07:00,2025-04-08T18:08:35-07:00,0,19
style.css,64,css,706e054f,NandaPayy,2025-04-08,18:08:35,-07:00,2025-04-08T18:08:35-07:00,0,0
style.css,65,css,706e054f,NandaPayy,2025-04-08,18:08:35,-07:00,2025-04-08T18:08:35-07:00,0,0
style.css,66,css,706e054f,NandaPayy,2025-04-08,18:08:35,-07:00,2025-04-08T18:08:35-07:00,0,13
style.css,67,css,706e054f,NandaPayy,2025-04-08,18:08:35,-07:00,2025-04-08T18:08:35-07:00,0,10
style.css,68,css,706e054f,NandaPayy,2025-04-08,18:08:35,-07:00,2025-04-08T18:08:35-07:00,0,13
style.css,69,css,706e054f,NandaPayy,2025-04-08,18:08:35,-07:00,2025-04-08T18:08:35-07:00,0,59
style.css,70,css,706e054f,NandaPayy,2025-04-08,18:08:35,-07:00,2025-04-08T18:08:35-07:00,0,8
style.css,71,css,706e054f,NandaPayy,2025-04-08,18:08:35,-07:00,2025-04-08T18:08:35-07:00,0,0
style.css,72,css,706e054f,NandaPayy,2025-04-08,18:08:35,-07:00,2025-04-08T18:08:35-07:00,0,18
style.css,73,css,706e054f,NandaPayy,2025-04-08,18:08:35,-07:00,2025-04-08T18:08:35-07:00,0,13
style.css,74,css,706e054f,NandaPayy,2025-04-08,18:08:35,-07:00,2025-04-08T18:08:35-07:00,0,27
style.css,75,css,706e054f,NandaPayy,2025-04-08,18:08:35,-07:00,2025-04-08T18:08:35-07:00,0,16
style.css,76,css,706e054f,NandaPayy,2025-04-08,18:08:35,-07:00,2025-04-08T18:08:35-07:00,0,0
style.css,77,css,706e054f,NandaPayy,2025-04-08,18:08:35,-07:00,2025-04-08T18:08:35-07:00,0,21
style.css,78,css,706e054f,NandaPayy,2025-04-08,18:08:35,-07:00,2025-04-08T18:08:35-07:00,0,9
style.css,79,css,706e054f,NandaPayy,2025-04-08,18:08:35,-07:00,2025-04-08T18:08:35-07:00,0,0
style.css,80,css,706e054f,NandaPayy,2025-04-08,18:08:35,-07:00,2025-04-08T18:08:35-07:00,0,0
style.css,81,css,706e054f,NandaPayy,2025-04-08,18:08:35,-07:00,2025-04-08T18:08:35-07:00,0,11
style.css,82,css,706e054f,NandaPayy,2025-04-08,18:08:35,-07:00,2025-04-08T18:08:35-07:00,0,8
style.css,83,css,706e054f,NandaPayy,2025-04-08,18:08:35,-07:00,2025-04-08T18:08:35-07:00,0,17
style.css,84,css,706e054f,NandaPayy,2025-04-08,18:08:35,-07:00,2025-04-08T18:08:35-07:00,0,12
style.css,85,css,706e054f,NandaPayy,2025-04-08,18:08:35,-07:00,2025-04-08T18:08:35-07:00,0,42
style.css,86,css,706e054f,NandaPayy,2025-04-08,18:08:35,-07:00,2025-04-08T18:08:35-07:00,0,64
style.css,87,css,706e054f,NandaPayy,2025-04-08,18:08:35,-07:00,2025-04-08T18:08:35-07:00,0,20
style.css,88,css,706e054f,NandaPayy,2025-04-08,18:08:35,-07:00,2025-04-08T18:08:35-07:00,0,0
style.css,89,css,706e054f,NandaPayy,2025-04-08,18:08:35,-07:00,2025-04-08T18:08:35-07:00,0,11
style.css,90,css,706e054f,NandaPayy,2025-04-08,18:08:35,-07:00,2025-04-08T18:08:35-07:00,0,14
style.css,91,css,706e054f,NandaPayy,2025-04-08,18:08:35,-07:00,2025-04-08T18:08:35-07:00,0,20
style.css,92,css,706e054f,NandaPayy,2025-04-08,18:08:35,-07:00,2025-04-08T18:08:35-07:00,0,26
style.css,93,css,706e054f,NandaPayy,2025-04-08,18:08:35,-07:00,2025-04-08T18:08:35-07:00,0,0
style.css,94,css,706e054f,NandaPayy,2025-04-08,18:08:35,-07:00,2025-04-08T18:08:35-07:00,0,0
style.css,95,css,706e054f,NandaPayy,2025-04-08,18:08:35,-07:00,2025-04-08T18:08:35-07:00,0,11
style.css,96,css,706e054f,NandaPayy,2025-04-08,18:08:35,-07:00,2025-04-08T18:08:35-07:00,0,15
style.css,97,css,706e054f,NandaPayy,2025-04-08,18:08:35,-07:00,2025-04-08T18:08:35-07:00,0,17
style.css,98,css,706e054f,NandaPayy,2025-04-08,18:08:35,-07:00,2025-04-08T18:08:35-07:00,0,0
style.css,99,css,706e054f,NandaPayy,2025-04-08,18:08:35,-07:00,2025-04-08T18:08:35-07:00,0,5
style.css,100,css,706e054f,NandaPayy,2025-04-08,18:08:35,-07:00,2025-04-08T18:08:35-07:00,0,18
style.css,101,css,706e054f,NandaPayy,2025-04-08,18:08:35,-07:00,2025-04-08T18:08:35-07:00,0,24
style.css,102,css,706e054f,NandaPayy,2025-04-08,18:08:35,-07:00,2025-04-08T18:08:35-07:00,0,21
style.css,103,css,706e054f,NandaPayy,2025-04-08,18:08:35,-07:00,2025-04-08T18:08:35-07:00,0,21
style.css,104,css,706e054f,NandaPayy,2025-04-08,18:08:35,-07:00,2025-04-08T18:08:35-07:00,0,0
style.css,105,css,706e054f,NandaPayy,2025-04-08,18:08:35,-07:00,2025-04-08T18:08:35-07:00,0,3
style.css,106,css,706e054f,NandaPayy,2025-04-08,18:08:35,-07:00,2025-04-08T18:08:35-07:00,0,19
style.css,107,css,706e054f,NandaPayy,2025-04-08,18:08:35,-07:00,2025-04-08T18:08:35-07:00,0,23
style.css,108,css,706e054f,NandaPayy,2025-04-08,18:08:35,-07:00,2025-04-08T18:08:35-07:00,0,0
style.css,109,css,706e054f,NandaPayy,2025-04-08,18:08:35,-07:00,2025-04-08T18:08:35-07:00,0,8
style.css,110,css,706e054f,NandaPayy,2025-04-08,18:08:35,-07:00,2025-04-08T18:08:35-07:00,0,20
style.css,111,css,706e054f,NandaPayy,2025-04-08,18:08:35,-07:00,2025-04-08T18:08:35-07:00,0,0
style.css,112,css,706e054f,NandaPayy,2025-04-08,18:08:35,-07:00,2025-04-08T18:08:35-07:00,0,0
style.css,113,css,706e054f,NandaPayy,2025-04-08,18:08:35,-07:00,2025-04-08T18:08:35-07:00,0,10
style.css,114,css,706e054f,NandaPayy,2025-04-08,18:08:35,-07:00,2025-04-08T18:08:35-07:00,0,23
style.css,115,css,706e054f,NandaPayy,2025-04-08,18:08:35,-07:00,2025-04-08T18:08:35-07:00,0,16
style.css,116,css,706e054f,NandaPayy,2025-04-08,18:08:35,-07:00,2025-04-08T18:08:35-07:00,0,18
style.css,117,css,706e054f,NandaPayy,2025-04-08,18:08:35,-07:00,2025-04-08T18:08:35-07:00,0,0
style.css,118,css,706e054f,NandaPayy,2025-04-08,18:08:35,-07:00,2025-04-08T18:08:35-07:00,0,3
style.css,119,css,706e054f,NandaPayy,2025-04-08,18:08:35,-07:00,2025-04-08T18:08:35-07:00,0,15
style.css,120,css,706e054f,NandaPayy,2025-04-08,18:08:35,-07:00,2025-04-08T18:08:35-07:00,0,0
style.css,121,css,f8887e8d,NandaPayy,2025-04-14,16:34:22,-07:00,2025-04-14T16:34:22-07:00,0,0
style.css,122,css,f8887e8d,NandaPayy,2025-04-14,16:34:22,-07:00,2025-04-14T16:34:22-07:00,0,14
style.css,123,css,f8887e8d,NandaPayy,2025-04-14,16:34:22,-07:00,2025-04-14T16:34:22-07:00,0,18
style.css,124,css,f8887e8d,NandaPayy,2025-04-14,16:34:22,-07:00,2025-04-14T16:34:22-07:00,0,9
style.css,125,css,f8887e8d,NandaPayy,2025-04-14,16:34:22,-07:00,2025-04-14T16:34:22-07:00,0,11
style.css,126,css,f8887e8d,NandaPayy,2025-04-14,16:34:22,-07:00,2025-04-14T16:34:22-07:00,0,14
style.css,127,css,f8887e8d,NandaPayy,2025-04-14,16:34:22,-07:00,2025-04-14T16:34:22-07:00,0,0
style.css,128,css,f8887e8d,NandaPayy,2025-04-14,16:34:22,-07:00,2025-04-14T16:34:22-07:00,0,0
style.css,129,css,f8887e8d,NandaPayy,2025-04-14,16:34:22,-07:00,2025-04-14T16:34:22-07:00,0,5
style.css,130,css,f8887e8d,NandaPayy,2025-04-14,16:34:22,-07:00,2025-04-14T16:34:22-07:00,0,8
style.css,131,css,f8887e8d,NandaPayy,2025-04-14,16:34:22,-07:00,2025-04-14T16:34:22-07:00,0,6
style.css,132,css,f8887e8d,NandaPayy,2025-04-14,16:34:22,-07:00,2025-04-14T16:34:22-07:00,0,7
style.css,133,css,f8887e8d,NandaPayy,2025-04-14,16:34:22,-07:00,2025-04-14T16:34:22-07:00,0,20
style.css,134,css,b376b686,NandaPayy,2025-04-21,17:24:05,-07:00,2025-04-21T17:24:05-07:00,0,0
style.css,135,css,b376b686,NandaPayy,2025-04-21,17:24:05,-07:00,2025-04-21T17:24:05-07:00,0,0
style.css,136,css,b376b686,NandaPayy,2025-04-21,17:24:05,-07:00,2025-04-21T17:24:05-07:00,0,18
style.css,137,css,b376b686,NandaPayy,2025-04-21,17:24:05,-07:00,2025-04-21T17:24:05-07:00,0,13
style.css,138,css,b376b686,NandaPayy,2025-04-21,17:24:05,-07:00,2025-04-21T17:24:05-07:00,0,37
style.css,139,css,b376b686,NandaPayy,2025-04-21,17:24:05,-07:00,2025-04-21T17:24:05-07:00,0,18
style.css,140,css,b376b686,NandaPayy,2025-04-21,17:24:05,-07:00,2025-04-21T17:24:05-07:00,0,0
style.css,141,css,b376b686,NandaPayy,2025-04-21,17:24:05,-07:00,2025-04-21T17:24:05-07:00,0,0
style.css,142,css,b376b686,NandaPayy,2025-04-21,17:24:05,-07:00,2025-04-21T17:24:05-07:00,0,18
style.css,143,css,b376b686,NandaPayy,2025-04-21,17:24:05,-07:00,2025-04-21T17:24:05-07:00,0,11
style.css,144,css,b376b686,NandaPayy,2025-04-21,17:24:05,-07:00,2025-04-21T17:24:05-07:00,0,17
style.css,145,css,b376b686,NandaPayy,2025-04-21,17:24:05,-07:00,2025-04-21T17:24:05-07:00,0,0
style.css,146,css,b376b686,NandaPayy,2025-04-21,17:24:05,-07:00,2025-04-21T17:24:05-07:00,0,0
style.css,147,css,b376b686,NandaPayy,2025-04-21,17:24:05,-07:00,2025-04-21T17:24:05-07:00,0,18
style.css,148,css,b376b686,NandaPayy,2025-04-21,17:24:05,-07:00,2025-04-21T17:24:05-07:00,0,11
style.css,149,css,b376b686,NandaPayy,2025-04-21,17:24:05,-07:00,2025-04-21T17:24:05-07:00,0,9
style.css,150,css,9f58d9b5,NandaPayy,2025-04-29,10:23:29,-07:00,2025-04-29T10:23:29-07:00,0,0
style.css,151,css,9f58d9b5,NandaPayy,2025-04-29,10:23:29,-07:00,2025-04-29T10:23:29-07:00,0,0
style.css,152,css,9f58d9b5,NandaPayy,2025-04-29,10:23:29,-07:00,2025-04-29T10:23:29-07:00,0,14
style.css,153,css,9f58d9b5,NandaPayy,2025-04-29,10:23:29,-07:00,2025-04-29T10:23:29-07:00,0,63
style.css,154,css,9f58d9b5,NandaPayy,2025-04-29,10:23:29,-07:00,2025-04-29T10:23:29-07:00,0,0
style.css,155,css,9f58d9b5,NandaPayy,2025-04-29,10:23:29,-07:00,2025-04-29T10:23:29-07:00,0,0
style.css,156,css,9f58d9b5,NandaPayy,2025-04-29,10:23:29,-07:00,2025-04-29T10:23:29-07:00,0,14
style.css,157,css,9f58d9b5,NandaPayy,2025-04-29,10:23:29,-07:00,2025-04-29T10:23:29-07:00,0,31
style.css,158,css,9f58d9b5,NandaPayy,2025-04-29,10:23:29,-07:00,2025-04-29T10:23:29-07:00,0,35
style.css,159,css,9f58d9b5,NandaPayy,2025-04-29,10:23:29,-07:00,2025-04-29T10:23:29-07:00,0,18
style.css,160,css,9f58d9b5,NandaPayy,2025-04-29,10:23:29,-07:00,2025-04-29T10:23:29-07:00,0,18
style.css,161,css,9f58d9b5,NandaPayy,2025-04-29,10:23:29,-07:00,2025-04-29T10:23:29-07:00,0,0
style.css,162,css,9f58d9b5,NandaPayy,2025-04-29,10:23:29,-07:00,2025-04-29T10:23:29-07:00,0,0
style.css,163,css,9f58d9b5,NandaPayy,2025-04-29,10:23:29,-07:00,2025-04-29T10:23:29-07:00,0,19
style.css,164,css,9f58d9b5,NandaPayy,2025-04-29,10:23:29,-07:00,2025-04-29T10:23:29-07:00,0,15
style.css,165,css,9f58d9b5,NandaPayy,2025-04-29,10:23:29,-07:00,2025-04-29T10:23:29-07:00,0,17
style.css,166,css,9f58d9b5,NandaPayy,2025-04-29,10:23:29,-07:00,2025-04-29T10:23:29-07:00,0,0
style.css,167,css,9f58d9b5,NandaPayy,2025-04-29,10:23:29,-07:00,2025-04-29T10:23:29-07:00,0,17
style.css,168,css,9f58d9b5,NandaPayy,2025-04-29,10:23:29,-07:00,2025-04-29T10:23:29-07:00,0,0
style.css,169,css,9f58d9b5,NandaPayy,2025-04-29,10:23:29,-07:00,2025-04-29T10:23:29-07:00,0,0
style.css,170,css,9f58d9b5,NandaPayy,2025-04-29,10:23:29,-07:00,2025-04-29T10:23:29-07:00,0,8
style.css,171,css,9f58d9b5,NandaPayy,2025-04-29,10:23:29,-07:00,2025-04-29T10:23:29-07:00,0,13
style.css,172,css,9f58d9b5,NandaPayy,2025-04-29,10:23:29,-07:00,2025-04-29T10:23:29-07:00,0,58
style.css,173,css,9f58d9b5,NandaPayy,2025-04-29,10:23:29,-07:00,2025-04-29T10:23:29-07:00,0,8
style.css,174,css,9f58d9b5,NandaPayy,2025-04-29,10:23:29,-07:00,2025-04-29T10:23:29-07:00,0,15
style.css,175,css,9f58d9b5,NandaPayy,2025-04-29,10:23:29,-07:00,2025-04-29T10:23:29-07:00,0,12
style.css,176,css,9f58d9b5,NandaPayy,2025-04-29,10:23:29,-07:00,2025-04-29T10:23:29-07:00,0,22
style.css,177,css,9f58d9b5,NandaPayy,2025-04-29,10:23:29,-07:00,2025-04-29T10:23:29-07:00,0,0
style.css,178,css,9f58d9b5,NandaPayy,2025-04-29,10:23:29,-07:00,2025-04-29T10:23:29-07:00,0,0
style.css,179,css,9f58d9b5,NandaPayy,2025-04-29,10:23:29,-07:00,2025-04-29T10:23:29-07:00,0,13
style.css,180,css,9f58d9b5,NandaPayy,2025-04-29,10:23:29,-07:00,2025-04-29T10:23:29-07:00,0,13
style.css,181,css,9f58d9b5,NandaPayy,2025-04-29,10:23:29,-07:00,2025-04-29T10:23:29-07:00,0,19
style.css,182,css,9f58d9b5,NandaPayy,2025-04-29,10:23:29,-07:00,2025-04-29T10:23:29-07:00,0,10
style.css,183,css,9f58d9b5,NandaPayy,2025-04-29,10:23:29,-07:00,2025-04-29T10:23:29-07:00,0,0
style.css,184,css,9f58d9b5,NandaPayy,2025-04-29,10:23:29,-07:00,2025-04-29T10:23:29-07:00,0,0
style.css,185,css,9f58d9b5,NandaPayy,2025-04-29,10:23:29,-07:00,2025-04-29T10:23:29-07:00,0,8
style.css,186,css,9f58d9b5,NandaPayy,2025-04-29,10:23:29,-07:00,2025-04-29T10:23:29-07:00,0,21
style.css,187,css,9f58d9b5,NandaPayy,2025-04-29,10:23:29,-07:00,2025-04-29T10:23:29-07:00,0,10
style.css,188,css,9f58d9b5,NandaPayy,2025-04-29,10:23:29,-07:00,2025-04-29T10:23:29-07:00,0,11
style.css,189,css,9f58d9b5,NandaPayy,2025-04-29,10:23:29,-07:00,2025-04-29T10:23:29-07:00,0,24
style.css,190,css,9f58d9b5,NandaPayy,2025-04-29,10:23:29,-07:00,2025-04-29T10:23:29-07:00,0,18
style.css,191,css,9f58d9b5,NandaPayy,2025-04-29,10:23:29,-07:00,2025-04-29T10:23:29-07:00,0,0
style.css,192,css,9f58d9b5,NandaPayy,2025-04-29,10:23:29,-07:00,2025-04-29T10:23:29-07:00,0,0
style.css,193,css,9f58d9b5,NandaPayy,2025-04-29,10:23:29,-07:00,2025-04-29T10:23:29-07:00,0,11
style.css,194,css,9f58d9b5,NandaPayy,2025-04-29,10:23:29,-07:00,2025-04-29T10:23:29-07:00,0,13
style.css,195,css,9f58d9b5,NandaPayy,2025-04-29,10:23:29,-07:00,2025-04-29T10:23:29-07:00,0,19
style.css,196,css,9f58d9b5,NandaPayy,2025-04-29,10:23:29,-07:00,2025-04-29T10:23:29-07:00,0,9
style.css,197,css,9f58d9b5,NandaPayy,2025-04-29,10:23:29,-07:00,2025-04-29T10:23:29-07:00,0,0
style.css,198,css,9f58d9b5,NandaPayy,2025-04-29,10:23:29,-07:00,2025-04-29T10:23:29-07:00,0,0
style.css,199,css,9f58d9b5,NandaPayy,2025-04-29,10:23:29,-07:00,2025-04-29T10:23:29-07:00,0,8
style.css,200,css,9f58d9b5,NandaPayy,2025-04-29,10:23:29,-07:00,2025-04-29T10:23:29-07:00,0,7
style.css,201,css,9f58d9b5,NandaPayy,2025-04-29,10:23:29,-07:00,2025-04-29T10:23:29-07:00,0,0
style.css,202,css,9f58d9b5,NandaPayy,2025-04-29,10:23:29,-07:00,2025-04-29T10:23:29-07:00,0,0
style.css,203,css,9f58d9b5,NandaPayy,2025-04-29,10:23:29,-07:00,2025-04-29T10:23:29-07:00,0,11
style.css,204,css,9f58d9b5,NandaPayy,2025-04-29,10:23:29,-07:00,2025-04-29T10:23:29-07:00,0,47
style.css,205,css,9f58d9b5,NandaPayy,2025-04-29,10:23:29,-07:00,2025-04-29T10:23:29-07:00,0,69
style.css,206,css,9f58d9b5,NandaPayy,2025-04-29,10:23:29,-07:00,2025-04-29T10:23:29-07:00,0,49
style.css,207,css,9f58d9b5,NandaPayy,2025-04-29,10:23:29,-07:00,2025-04-29T10:23:29-07:00,0,43
style.css,208,css,9f58d9b5,NandaPayy,2025-04-29,10:23:29,-07:00,2025-04-29T10:23:29-07:00,0,40
style.css,209,css,9f58d9b5,NandaPayy,2025-04-29,10:23:29,-07:00,2025-04-29T10:23:29-07:00,0,47
style.css,210,css,9f58d9b5,NandaPayy,2025-04-29,10:23:29,-07:00,2025-04-29T10:23:29-07:00,0,54
style.css,211,css,9f58d9b5,NandaPayy,2025-04-29,10:23:29,-07:00,2025-04-29T10:23:29-07:00,0,76
style.css,212,css,9f58d9b5,NandaPayy,2025-04-29,10:23:29,-07:00,2025-04-29T10:23:29-07:00,0,19
style.css,213,css,9f58d9b5,NandaPayy,2025-04-29,10:23:29,-07:00,2025-04-29T10:23:29-07:00,0,0
style.css,214,css,9f58d9b5,NandaPayy,2025-04-29,10:23:29,-07:00,2025-04-29T10:23:29-07:00,0,0
style.css,215,css,9f58d9b5,NandaPayy,2025-04-29,10:23:29,-07:00,2025-04-29T10:23:29-07:00,0,17
style.css,216,css,9f58d9b5,NandaPayy,2025-04-29,10:23:29,-07:00,2025-04-29T10:23:29-07:00,0,53
style.css,217,css,9f58d9b5,NandaPayy,2025-04-29,10:23:29,-07:00,2025-04-29T10:23:29-07:00,0,56
style.css,218,css,9f58d9b5,NandaPayy,2025-04-29,10:23:29,-07:00,2025-04-29T10:23:29-07:00,0,79
style.css,219,css,9f58d9b5,NandaPayy,2025-04-29,10:23:29,-07:00,2025-04-29T10:23:29-07:00,0,0
style.css,220,css,9f58d9b5,NandaPayy,2025-04-29,10:23:29,-07:00,2025-04-29T10:23:29-07:00,0,0
style.css,221,css,9f58d9b5,NandaPayy,2025-04-29,10:23:29,-07:00,2025-04-29T10:23:29-07:00,0,18
style.css,222,css,9f58d9b5,NandaPayy,2025-04-29,10:23:29,-07:00,2025-04-29T10:23:29-07:00,0,17
style.css,223,css,9f58d9b5,NandaPayy,2025-04-29,10:23:29,-07:00,2025-04-29T10:23:29-07:00,0,12
style.css,224,css,9f58d9b5,NandaPayy,2025-04-29,10:23:29,-07:00,2025-04-29T10:23:29-07:00,0,0
style.css,225,css,9f58d9b5,NandaPayy,2025-04-29,10:23:29,-07:00,2025-04-29T10:23:29-07:00,0,0
style.css,226,css,9f58d9b5,NandaPayy,2025-04-29,10:23:29,-07:00,2025-04-29T10:23:29-07:00,0,0
style.css,227,css,9f58d9b5,NandaPayy,2025-04-29,10:23:29,-07:00,2025-04-29T10:23:29-07:00,0,5
style.css,228,css,9f58d9b5,NandaPayy,2025-04-29,10:23:29,-07:00,2025-04-29T10:23:29-07:00,0,17
style.css,229,css,9f58d9b5,NandaPayy,2025-04-29,10:23:29,-07:00,2025-04-29T10:23:29-07:00,0,0
style.css,230,css,9f58d9b5,NandaPayy,2025-04-29,10:23:29,-07:00,2025-04-29T10:23:29-07:00,0,0
style.css,231,css,9f58d9b5,NandaPayy,2025-04-29,10:23:29,-07:00,2025-04-29T10:23:29-07:00,0,5
style.css,232,css,9f58d9b5,NandaPayy,2025-04-29,10:23:29,-07:00,2025-04-29T10:23:29-07:00,0,15
style.css,233,css,9f58d9b5,NandaPayy,2025-04-29,10:23:29,-07:00,2025-04-29T10:23:29-07:00,0,0
style.css,234,css,9f58d9b5,NandaPayy,2025-04-29,10:23:29,-07:00,2025-04-29T10:23:29-07:00,0,0
style.css,235,css,9f58d9b5,NandaPayy,2025-04-29,10:23:29,-07:00,2025-04-29T10:23:29-07:00,0,10
style.css,236,css,9f58d9b5,NandaPayy,2025-04-29,10:23:29,-07:00,2025-04-29T10:23:29-07:00,0,36
style.css,237,css,9f58d9b5,NandaPayy,2025-04-29,10:23:29,-07:00,2025-04-29T10:23:29-07:00,0,0
style.css,238,css,9f58d9b5,NandaPayy,2025-04-29,10:23:29,-07:00,2025-04-29T10:23:29-07:00,0,11
style.css,239,css,9f58d9b5,NandaPayy,2025-04-29,10:23:29,-07:00,2025-04-29T10:23:29-07:00,0,18
style.css,240,css,9f58d9b5,NandaPayy,2025-04-29,10:23:29,-07:00,2025-04-29T10:23:29-07:00,0,0
style.css,241,css,9f58d9b5,NandaPayy,2025-04-29,10:23:29,-07:00,2025-04-29T10:23:29-07:00,0,0
style.css,242,css,9f58d9b5,NandaPayy,2025-04-29,10:23:29,-07:00,2025-04-29T10:23:29-07:00,0,0
style.css,243,css,9f58d9b5,NandaPayy,2025-04-29,10:23:29,-07:00,2025-04-29T10:23:29-07:00,0,8
style.css,244,css,9f58d9b5,NandaPayy,2025-04-29,10:23:29,-07:00,2025-04-29T10:23:29-07:00,0,21
style.css,245,css,9f58d9b5,NandaPayy,2025-04-29,10:23:29,-07:00,2025-04-29T10:23:29-07:00,0,12
style.css,246,css,9f58d9b5,NandaPayy,2025-04-29,10:23:29,-07:00,2025-04-29T10:23:29-07:00,0,9
style.css,247,css,9f58d9b5,NandaPayy,2025-04-29,10:23:29,-07:00,2025-04-29T10:23:29-07:00,0,0
style.css,248,css,9f58d9b5,NandaPayy,2025-04-29,10:23:29,-07:00,2025-04-29T10:23:29-07:00,0,0
style.css,249,css,9f58d9b5,NandaPayy,2025-04-29,10:23:29,-07:00,2025-04-29T10:23:29-07:00,0,11
style.css,250,css,9f58d9b5,NandaPayy,2025-04-29,10:23:29,-07:00,2025-04-29T10:23:29-07:00,0,13
style.css,251,css,9f58d9b5,NandaPayy,2025-04-29,10:23:29,-07:00,2025-04-29T10:23:29-07:00,0,19
style.css,252,css,9f58d9b5,NandaPayy,2025-04-29,10:23:29,-07:00,2025-04-29T10:23:29-07:00,0,18
style.css,253,css,9f58d9b5,NandaPayy,2025-04-29,10:23:29,-07:00,2025-04-29T10:23:29-07:00,0,0
style.css,254,css,9f58d9b5,NandaPayy,2025-04-29,10:23:29,-07:00,2025-04-29T10:23:29-07:00,0,0
style.css,255,css,9f58d9b5,NandaPayy,2025-04-29,10:23:29,-07:00,2025-04-29T10:23:29-07:00,0,8
style.css,256,css,9f58d9b5,NandaPayy,2025-04-29,10:23:29,-07:00,2025-04-29T10:23:29-07:00,0,11
style.css,257,css,9f58d9b5,NandaPayy,2025-04-29,10:23:29,-07:00,2025-04-29T10:23:29-07:00,0,12
style.css,258,css,9f58d9b5,NandaPayy,2025-04-29,10:23:29,-07:00,2025-04-29T10:23:29-07:00,0,18
style.css,259,css,9f58d9b5,NandaPayy,2025-04-29,10:23:29,-07:00,2025-04-29T10:23:29-07:00,0,21
style.css,260,css,9f58d9b5,NandaPayy,2025-04-29,10:23:29,-07:00,2025-04-29T10:23:29-07:00,0,30
style.css,261,css,9f58d9b5,NandaPayy,2025-04-29,10:23:29,-07:00,2025-04-29T10:23:29-07:00,0,0
style.css,262,css,9f58d9b5,NandaPayy,2025-04-29,10:23:29,-07:00,2025-04-29T10:23:29-07:00,0,0
style.css,263,css,9f58d9b5,NandaPayy,2025-04-29,10:23:29,-07:00,2025-04-29T10:23:29-07:00,0,28
style.css,264,css,9f58d9b5,NandaPayy,2025-04-29,10:23:29,-07:00,2025-04-29T10:23:29-07:00,0,74
style.css,265,css,9f58d9b5,NandaPayy,2025-04-29,10:23:29,-07:00,2025-04-29T10:23:29-07:00,0,0
style.css,266,css,9f58d9b5,NandaPayy,2025-04-29,10:23:29,-07:00,2025-04-29T10:23:29-07:00,0,0
style.css,267,css,9f58d9b5,NandaPayy,2025-04-29,10:23:29,-07:00,2025-04-29T10:23:29-07:00,0,10
style.css,268,css,9f58d9b5,NandaPayy,2025-04-29,10:23:29,-07:00,2025-04-29T10:23:29-07:00,0,73
style.css,269,css,9f58d9b5,NandaPayy,2025-04-29,10:23:29,-07:00,2025-04-29T10:23:29-07:00,0,0
style.css,270,css,9f58d9b5,NandaPayy,2025-04-29,10:23:29,-07:00,2025-04-29T10:23:29-07:00,0,0
style.css,271,css,3d3b51d3,NandaPayy,2025-04-30,17:16:43,-07:00,2025-04-30T17:16:43-07:00,0,0
style.css,272,css,3d3b51d3,NandaPayy,2025-04-30,17:16:43,-07:00,2025-04-30T17:16:43-07:00,0,0
index.js,1,js,b376b686,NandaPayy,2025-04-21,17:24:05,-07:00,2025-04-21T17:24:05-07:00,0,72
index.js,2,js,b376b686,NandaPayy,2025-04-21,17:24:05,-07:00,2025-04-21T17:24:05-07:00,0,0
index.js,3,js,b376b686,NandaPayy,2025-04-21,17:24:05,-07:00,2025-04-21T17:24:05-07:00,0,55
index.js,4,js,b376b686,NandaPayy,2025-04-21,17:24:05,-07:00,2025-04-21T17:24:05-07:00,0,43
index.js,5,js,b376b686,NandaPayy,2025-04-21,17:24:05,-07:00,2025-04-21T17:24:05-07:00,0,0
index.js,6,js,b376b686,NandaPayy,2025-04-21,17:24:05,-07:00,2025-04-21T17:24:05-07:00,0,61
index.js,7,js,b376b686,NandaPayy,2025-04-21,17:24:05,-07:00,2025-04-21T17:24:05-07:00,0,55
index.js,8,js,b376b686,NandaPayy,2025-04-21,17:24:05,-07:00,2025-04-21T17:24:05-07:00,0,0
index.js,9,js,b376b686,NandaPayy,2025-04-21,17:24:05,-07:00,2025-04-21T17:24:05-07:00,0,60
index.js,10,js,b376b686,NandaPayy,2025-04-21,17:24:05,-07:00,2025-04-21T17:24:05-07:00,0,61
index.js,11,js,b376b686,NandaPayy,2025-04-21,17:24:05,-07:00,2025-04-21T17:24:05-07:00,0,0
index.js,12,js,b376b686,NandaPayy,2025-04-21,17:24:05,-07:00,2025-04-21T17:24:05-07:00,0,18
index.js,13,js,b376b686,NandaPayy,2025-04-21,17:24:05,-07:00,2025-04-21T17:24:05-07:00,0,25
index.js,14,js,b376b686,NandaPayy,2025-04-21,17:24:05,-07:00,2025-04-21T17:24:05-07:00,0,20
index.js,15,js,b376b686,NandaPayy,2025-04-21,17:24:05,-07:00,2025-04-21T17:24:05-07:00,0,3
index.js,16,js,b376b686,NandaPayy,2025-04-21,17:24:05,-07:00,2025-04-21T17:24:05-07:00,0,56
index.js,17,js,b376b686,NandaPayy,2025-04-21,17:24:05,-07:00,2025-04-21T17:24:05-07:00,0,56
index.js,18,js,b376b686,NandaPayy,2025-04-21,17:24:05,-07:00,2025-04-21T17:24:05-07:00,0,50
index.js,19,js,b376b686,NandaPayy,2025-04-21,17:24:05,-07:00,2025-04-21T17:24:05-07:00,0,50
index.js,20,js,b376b686,NandaPayy,2025-04-21,17:24:05,-07:00,2025-04-21T17:24:05-07:00,0,4
index.js,21,js,b376b686,NandaPayy,2025-04-21,17:24:05,-07:00,2025-04-21T17:24:05-07:00,0,1
index.js,22,js,b376b686,NandaPayy,2025-04-21,17:24:05,-07:00,2025-04-21T17:24:05-07:00,0,0
index.html,1,html,80564ad9,NandaPayy,2025-04-03,16:45:24,-07:00,2025-04-03T16:45:24-07:00,0,14
index.html,2,html,80564ad9,NandaPayy,2025-04-03,16:45:24,-07:00,2025-04-03T16:45:24-07:00,0,15
index.html,3,html,80564ad9,NandaPayy,2025-04-03,16:45:24,-07:00,2025-04-03T16:45:24-07:00,0,5
index.html,4,html,80564ad9,NandaPayy,2025-04-03,16:45:24,-07:00,2025-04-03T16:45:24-07:00,0,21
index.html,5,html,80564ad9,NandaPayy,2025-04-03,16:45:24,-07:00,2025-04-03T16:45:24-07:00,0,69
index.html,6,html,80564ad9,NandaPayy,2025-04-03,16:45:24,-07:00,2025-04-03T16:45:24-07:00,0,60
index.html,7,html,61c484e0,NandaPayy,2025-04-03,17:50:32,-07:00,2025-04-03T17:50:32-07:00,0,39
index.html,8,html,f8887e8d,NandaPayy,2025-04-14,16:34:22,-07:00,2025-04-14T16:34:22-07:00,0,46
index.html,9,html,b376b686,NandaPayy,2025-04-21,17:24:05,-07:00,2025-04-21T17:24:05-07:00,0,51
index.html,10,html,80564ad9,NandaPayy,2025-04-03,16:45:24,-07:00,2025-04-03T16:45:24-07:00,0,6
index.html,11,html,80564ad9,NandaPayy,2025-04-03,16:45:24,-07:00,2025-04-03T16:45:24-07:00,0,5
index.html,12,html,f8887e8d,NandaPayy,2025-04-14,16:34:22,-07:00,2025-04-14T16:34:22-07:00,0,0
index.html,13,html,5a3fd3c1,NandaPayy,2025-04-10,21:03:09,-07:00,2025-04-10T21:03:09-07:00,0,25
index.html,14,html,706e054f,NandaPayy,2025-04-08,18:08:35,-07:00,2025-04-08T18:08:35-07:00,0,80
index.html,15,html,86cd0734,NandaPayy,2025-04-03,18:01:14,-07:00,2025-04-03T18:01:14-07:00,0,235
index.html,16,html,b376b686,NandaPayy,2025-04-21,17:24:05,-07:00,2025-04-21T17:24:05-07:00,0,23
index.html,17,html,b376b686,NandaPayy,2025-04-21,17:24:05,-07:00,2025-04-21T17:24:05-07:00,0,21
index.html,18,html,b376b686,NandaPayy,2025-04-21,17:24:05,-07:00,2025-04-21T17:24:05-07:00,0,5
index.html,19,html,b376b686,NandaPayy,2025-04-21,17:24:05,-07:00,2025-04-21T17:24:05-07:00,0,29
index.html,20,html,80564ad9,NandaPayy,2025-04-03,16:45:24,-07:00,2025-04-03T16:45:24-07:00,0,6
index.html,21,html,80564ad9,NandaPayy,2025-04-03,16:45:24,-07:00,2025-04-03T16:45:24-07:00,0,6
global.js,1,js,f8887e8d,NandaPayy,2025-04-14,16:34:22,-07:00,2025-04-14T16:34:22-07:00,0,26
global.js,2,js,f8887e8d,NandaPayy,2025-04-14,16:34:22,-07:00,2025-04-14T16:34:22-07:00,0,0
global.js,3,js,f8887e8d,NandaPayy,2025-04-14,16:34:22,-07:00,2025-04-14T16:34:22-07:00,0,42
global.js,4,js,f8887e8d,NandaPayy,2025-04-14,16:34:22,-07:00,2025-04-14T16:34:22-07:00,0,53
global.js,5,js,f8887e8d,NandaPayy,2025-04-14,16:34:22,-07:00,2025-04-14T16:34:22-07:00,0,0
global.js,6,js,f8887e8d,NandaPayy,2025-04-14,16:34:22,-07:00,2025-04-14T16:34:22-07:00,0,0
global.js,7,js,f8887e8d,NandaPayy,2025-04-14,16:34:22,-07:00,2025-04-14T16:34:22-07:00,0,89
global.js,8,js,f8887e8d,NandaPayy,2025-04-14,16:34:22,-07:00,2025-04-14T16:34:22-07:00,0,20
global.js,9,js,d0010615,NandaPayy,2025-04-14,16:40:51,-07:00,2025-04-14T16:40:51-07:00,0,15
global.js,10,js,f8887e8d,NandaPayy,2025-04-14,16:34:22,-07:00,2025-04-14T16:34:22-07:00,0,0
global.js,11,js,f8887e8d,NandaPayy,2025-04-14,16:34:22,-07:00,2025-04-14T16:34:22-07:00,0,12
global.js,12,js,f8887e8d,NandaPayy,2025-04-14,16:34:22,-07:00,2025-04-14T16:34:22-07:00,0,26
global.js,13,js,f8887e8d,NandaPayy,2025-04-14,16:34:22,-07:00,2025-04-14T16:34:22-07:00,0,39
global.js,14,js,f8887e8d,NandaPayy,2025-04-14,16:34:22,-07:00,2025-04-14T16:34:22-07:00,0,37
global.js,15,js,f8887e8d,NandaPayy,2025-04-14,16:34:22,-07:00,2025-04-14T16:34:22-07:00,0,35
global.js,16,js,00000000,Not Committed Yet,2025-05-07,10:27:19,-07:00,2025-05-07T10:27:19-07:00,0,31
global.js,17,js,f8887e8d,NandaPayy,2025-04-14,16:34:22,-07:00,2025-04-14T16:34:22-07:00,0,62
global.js,18,js,f8887e8d,NandaPayy,2025-04-14,16:34:22,-07:00,2025-04-14T16:34:22-07:00,0,1
global.js,19,js,f8887e8d,NandaPayy,2025-04-14,16:34:22,-07:00,2025-04-14T16:34:22-07:00,0,0
global.js,20,js,f8887e8d,NandaPayy,2025-04-14,16:34:22,-07:00,2025-04-14T16:34:22-07:00,0,39
global.js,21,js,f8887e8d,NandaPayy,2025-04-14,16:34:22,-07:00,2025-04-14T16:34:22-07:00,0,26
global.js,22,js,f8887e8d,NandaPayy,2025-04-14,16:34:22,-07:00,2025-04-14T16:34:22-07:00,0,0
global.js,23,js,f8887e8d,NandaPayy,2025-04-14,16:34:22,-07:00,2025-04-14T16:34:22-07:00,0,21
global.js,24,js,f8887e8d,NandaPayy,2025-04-14,16:34:22,-07:00,2025-04-14T16:34:22-07:00,0,63
global.js,25,js,f8887e8d,NandaPayy,2025-04-14,16:34:22,-07:00,2025-04-14T16:34:22-07:00,0,35
global.js,26,js,f8887e8d,NandaPayy,2025-04-14,16:34:22,-07:00,2025-04-14T16:34:22-07:00,0,12
global.js,27,js,f8887e8d,NandaPayy,2025-04-14,16:34:22,-07:00,2025-04-14T16:34:22-07:00,0,23
global.js,28,js,f8887e8d,NandaPayy,2025-04-14,16:34:22,-07:00,2025-04-14T16:34:22-07:00,0,0
global.js,29,js,f8887e8d,NandaPayy,2025-04-14,16:34:22,-07:00,2025-04-14T16:34:22-07:00,0,18
global.js,30,js,f8887e8d,NandaPayy,2025-04-14,16:34:22,-07:00,2025-04-14T16:34:22-07:00,0,9
global.js,31,js,f8887e8d,NandaPayy,2025-04-14,16:34:22,-07:00,2025-04-14T16:34:22-07:00,0,59
global.js,32,js,f8887e8d,NandaPayy,2025-04-14,16:34:22,-07:00,2025-04-14T16:34:22-07:00,0,1
global.js,33,js,f8887e8d,NandaPayy,2025-04-14,16:34:22,-07:00,2025-04-14T16:34:22-07:00,0,0
global.js,34,js,f8887e8d,NandaPayy,2025-04-14,16:34:22,-07:00,2025-04-14T16:34:22-07:00,0,30
global.js,35,js,f8887e8d,NandaPayy,2025-04-14,16:34:22,-07:00,2025-04-14T16:34:22-07:00,0,19
global.js,36,js,f8887e8d,NandaPayy,2025-04-14,16:34:22,-07:00,2025-04-14T16:34:22-07:00,0,0
global.js,37,js,f8887e8d,NandaPayy,2025-04-14,16:34:22,-07:00,2025-04-14T16:34:22-07:00,0,0
global.js,38,js,f8887e8d,NandaPayy,2025-04-14,16:34:22,-07:00,2025-04-14T16:34:22-07:00,0,13
global.js,39,js,f8887e8d,NandaPayy,2025-04-14,16:34:22,-07:00,2025-04-14T16:34:22-07:00,0,0
global.js,40,js,f8887e8d,NandaPayy,2025-04-14,16:34:22,-07:00,2025-04-14T16:34:22-07:00,0,0
global.js,41,js,f8887e8d,NandaPayy,2025-04-14,16:34:22,-07:00,2025-04-14T16:34:22-07:00,0,32
global.js,42,js,f8887e8d,NandaPayy,2025-04-14,16:34:22,-07:00,2025-04-14T16:34:22-07:00,0,12
global.js,43,js,f8887e8d,NandaPayy,2025-04-14,16:34:22,-07:00,2025-04-14T16:34:22-07:00,0,0
global.js,44,js,f8887e8d,NandaPayy,2025-04-14,16:34:22,-07:00,2025-04-14T16:34:22-07:00,0,27
global.js,45,js,f8887e8d,NandaPayy,2025-04-14,16:34:22,-07:00,2025-04-14T16:34:22-07:00,0,5
global.js,46,js,f8887e8d,NandaPayy,2025-04-14,16:34:22,-07:00,2025-04-14T16:34:22-07:00,0,7
global.js,47,js,f8887e8d,NandaPayy,2025-04-14,16:34:22,-07:00,2025-04-14T16:34:22-07:00,0,44
global.js,48,js,f8887e8d,NandaPayy,2025-04-14,16:34:22,-07:00,2025-04-14T16:34:22-07:00,0,35
global.js,49,js,f8887e8d,NandaPayy,2025-04-14,16:34:22,-07:00,2025-04-14T16:34:22-07:00,0,33
global.js,50,js,f8887e8d,NandaPayy,2025-04-14,16:34:22,-07:00,2025-04-14T16:34:22-07:00,0,8
global.js,51,js,f8887e8d,NandaPayy,2025-04-14,16:34:22,-07:00,2025-04-14T16:34:22-07:00,0,7
global.js,52,js,f8887e8d,NandaPayy,2025-04-14,16:34:22,-07:00,2025-04-14T16:34:22-07:00,0,0
global.js,53,js,f8887e8d,NandaPayy,2025-04-14,16:34:22,-07:00,2025-04-14T16:34:22-07:00,0,1
global.js,54,js,f8887e8d,NandaPayy,2025-04-14,16:34:22,-07:00,2025-04-14T16:34:22-07:00,0,0
global.js,55,js,f8887e8d,NandaPayy,2025-04-14,16:34:22,-07:00,2025-04-14T16:34:22-07:00,0,41
global.js,56,js,f8887e8d,NandaPayy,2025-04-14,16:34:22,-07:00,2025-04-14T16:34:22-07:00,0,59
global.js,57,js,f8887e8d,NandaPayy,2025-04-14,16:34:22,-07:00,2025-04-14T16:34:22-07:00,0,0
global.js,58,js,f8887e8d,NandaPayy,2025-04-14,16:34:22,-07:00,2025-04-14T16:34:22-07:00,0,43
global.js,59,js,f8887e8d,NandaPayy,2025-04-14,16:34:22,-07:00,2025-04-14T16:34:22-07:00,0,32
global.js,60,js,f8887e8d,NandaPayy,2025-04-14,16:34:22,-07:00,2025-04-14T16:34:22-07:00,0,66
global.js,61,js,f8887e8d,NandaPayy,2025-04-14,16:34:22,-07:00,2025-04-14T16:34:22-07:00,0,65
global.js,62,js,f8887e8d,NandaPayy,2025-04-14,16:34:22,-07:00,2025-04-14T16:34:22-07:00,0,0
global.js,63,js,f8887e8d,NandaPayy,2025-04-14,16:34:22,-07:00,2025-04-14T16:34:22-07:00,0,0
global.js,64,js,f8887e8d,NandaPayy,2025-04-14,16:34:22,-07:00,2025-04-14T16:34:22-07:00,0,78
global.js,65,js,f8887e8d,NandaPayy,2025-04-14,16:34:22,-07:00,2025-04-14T16:34:22-07:00,0,50
global.js,66,js,f8887e8d,NandaPayy,2025-04-14,16:34:22,-07:00,2025-04-14T16:34:22-07:00,0,31
global.js,67,js,f8887e8d,NandaPayy,2025-04-14,16:34:22,-07:00,2025-04-14T16:34:22-07:00,0,22
global.js,68,js,f8887e8d,NandaPayy,2025-04-14,16:34:22,-07:00,2025-04-14T16:34:22-07:00,0,57
global.js,69,js,f8887e8d,NandaPayy,2025-04-14,16:34:22,-07:00,2025-04-14T16:34:22-07:00,0,2
global.js,70,js,f8887e8d,NandaPayy,2025-04-14,16:34:22,-07:00,2025-04-14T16:34:22-07:00,0,0
global.js,71,js,f8887e8d,NandaPayy,2025-04-14,16:34:22,-07:00,2025-04-14T16:34:22-07:00,0,49
global.js,72,js,f8887e8d,NandaPayy,2025-04-14,16:34:22,-07:00,2025-04-14T16:34:22-07:00,0,35
global.js,73,js,f8887e8d,NandaPayy,2025-04-14,16:34:22,-07:00,2025-04-14T16:34:22-07:00,0,40
global.js,74,js,f8887e8d,NandaPayy,2025-04-14,16:34:22,-07:00,2025-04-14T16:34:22-07:00,0,0
global.js,75,js,f8887e8d,NandaPayy,2025-04-14,16:34:22,-07:00,2025-04-14T16:34:22-07:00,0,0
global.js,76,js,f8887e8d,NandaPayy,2025-04-14,16:34:22,-07:00,2025-04-14T16:34:22-07:00,0,22
global.js,77,js,f8887e8d,NandaPayy,2025-04-14,16:34:22,-07:00,2025-04-14T16:34:22-07:00,0,50
global.js,78,js,f8887e8d,NandaPayy,2025-04-14,16:34:22,-07:00,2025-04-14T16:34:22-07:00,0,0
global.js,79,js,f8887e8d,NandaPayy,2025-04-14,16:34:22,-07:00,2025-04-14T16:34:22-07:00,0,68
global.js,80,js,f8887e8d,NandaPayy,2025-04-14,16:34:22,-07:00,2025-04-14T16:34:22-07:00,0,50
global.js,81,js,f8887e8d,NandaPayy,2025-04-14,16:34:22,-07:00,2025-04-14T16:34:22-07:00,0,71
global.js,82,js,f8887e8d,NandaPayy,2025-04-14,16:34:22,-07:00,2025-04-14T16:34:22-07:00,0,0
global.js,83,js,f8887e8d,NandaPayy,2025-04-14,16:34:22,-07:00,2025-04-14T16:34:22-07:00,0,29
global.js,84,js,f8887e8d,NandaPayy,2025-04-14,16:34:22,-07:00,2025-04-14T16:34:22-07:00,0,15
global.js,85,js,f8887e8d,NandaPayy,2025-04-14,16:34:22,-07:00,2025-04-14T16:34:22-07:00,0,0
global.js,86,js,f8887e8d,NandaPayy,2025-04-14,16:34:22,-07:00,2025-04-14T16:34:22-07:00,0,32
global.js,87,js,f8887e8d,NandaPayy,2025-04-14,16:34:22,-07:00,2025-04-14T16:34:22-07:00,0,51
global.js,88,js,f8887e8d,NandaPayy,2025-04-14,16:34:22,-07:00,2025-04-14T16:34:22-07:00,0,0
global.js,89,js,f8887e8d,NandaPayy,2025-04-14,16:34:22,-07:00,2025-04-14T16:34:22-07:00,0,0
global.js,90,js,f8887e8d,NandaPayy,2025-04-14,16:34:22,-07:00,2025-04-14T16:34:22-07:00,0,21
global.js,91,js,f8887e8d,NandaPayy,2025-04-14,16:34:22,-07:00,2025-04-14T16:34:22-07:00,0,46
global.js,92,js,f8887e8d,NandaPayy,2025-04-14,16:34:22,-07:00,2025-04-14T16:34:22-07:00,0,0
global.js,93,js,f8887e8d,NandaPayy,2025-04-14,16:34:22,-07:00,2025-04-14T16:34:22-07:00,0,42
global.js,94,js,f8887e8d,NandaPayy,2025-04-14,16:34:22,-07:00,2025-04-14T16:34:22-07:00,0,19
global.js,95,js,f8887e8d,NandaPayy,2025-04-14,16:34:22,-07:00,2025-04-14T16:34:22-07:00,0,2
global.js,96,js,f8887e8d,NandaPayy,2025-04-14,16:34:22,-07:00,2025-04-14T16:34:22-07:00,0,0
global.js,97,js,b376b686,NandaPayy,2025-04-21,17:24:05,-07:00,2025-04-21T17:24:05-07:00,0,37
global.js,98,js,b376b686,NandaPayy,2025-04-21,17:24:05,-07:00,2025-04-21T17:24:05-07:00,0,4
global.js,99,js,b376b686,NandaPayy,2025-04-21,17:24:05,-07:00,2025-04-21T17:24:05-07:00,0,40
global.js,100,js,b376b686,NandaPayy,2025-04-21,17:24:05,-07:00,2025-04-21T17:24:05-07:00,0,33
global.js,101,js,b376b686,NandaPayy,2025-04-21,17:24:05,-07:00,2025-04-21T17:24:05-07:00,0,18
global.js,102,js,b376b686,NandaPayy,2025-04-21,17:24:05,-07:00,2025-04-21T17:24:05-07:00,0,67
global.js,103,js,b376b686,NandaPayy,2025-04-21,17:24:05,-07:00,2025-04-21T17:24:05-07:00,0,0
global.js,104,js,b376b686,NandaPayy,2025-04-21,17:24:05,-07:00,2025-04-21T17:24:05-07:00,0,0
global.js,105,js,b376b686,NandaPayy,2025-04-21,17:24:05,-07:00,2025-04-21T17:24:05-07:00,0,34
global.js,106,js,b376b686,NandaPayy,2025-04-21,17:24:05,-07:00,2025-04-21T17:24:05-07:00,0,11
global.js,107,js,b376b686,NandaPayy,2025-04-21,17:24:05,-07:00,2025-04-21T17:24:05-07:00,0,16
global.js,108,js,b376b686,NandaPayy,2025-04-21,17:24:05,-07:00,2025-04-21T17:24:05-07:00,0,60
global.js,109,js,b376b686,NandaPayy,2025-04-21,17:24:05,-07:00,2025-04-21T17:24:05-07:00,0,0
global.js,110,js,b376b686,NandaPayy,2025-04-21,17:24:05,-07:00,2025-04-21T17:24:05-07:00,0,0
global.js,111,js,f8887e8d,NandaPayy,2025-04-14,16:34:22,-07:00,2025-04-14T16:34:22-07:00,0,0
global.js,112,js,b376b686,NandaPayy,2025-04-21,17:24:05,-07:00,2025-04-21T17:24:05-07:00,0,79
global.js,113,js,b376b686,NandaPayy,2025-04-21,17:24:05,-07:00,2025-04-21T17:24:05-07:00,0,31
global.js,114,js,b376b686,NandaPayy,2025-04-21,17:24:05,-07:00,2025-04-21T17:24:05-07:00,0,0
global.js,115,js,b376b686,NandaPayy,2025-04-21,17:24:05,-07:00,2025-04-21T17:24:05-07:00,0,27
global.js,116,js,b376b686,NandaPayy,2025-04-21,17:24:05,-07:00,2025-04-21T17:24:05-07:00,0,49
global.js,117,js,b376b686,NandaPayy,2025-04-21,17:24:05,-07:00,2025-04-21T17:24:05-07:00,0,20
global.js,118,js,b376b686,NandaPayy,2025-04-21,17:24:05,-07:00,2025-04-21T17:24:05-07:00,0,46
global.js,119,js,b376b686,NandaPayy,2025-04-21,17:24:05,-07:00,2025-04-21T17:24:05-07:00,0,42
global.js,120,js,9f58d9b5,NandaPayy,2025-04-29,10:23:29,-07:00,2025-04-29T10:23:29-07:00,0,25
global.js,121,js,9f58d9b5,NandaPayy,2025-04-29,10:23:29,-07:00,2025-04-29T10:23:29-07:00,0,24
global.js,122,js,9f58d9b5,NandaPayy,2025-04-29,10:23:29,-07:00,2025-04-29T10:23:29-07:00,0,41
global.js,123,js,9f58d9b5,NandaPayy,2025-04-29,10:23:29,-07:00,2025-04-29T10:23:29-07:00,0,5
global.js,124,js,9f58d9b5,NandaPayy,2025-04-29,10:23:29,-07:00,2025-04-29T10:23:29-07:00,0,2
global.js,125,js,b376b686,NandaPayy,2025-04-21,17:24:05,-07:00,2025-04-21T17:24:05-07:00,0,37
global.js,126,js,b376b686,NandaPayy,2025-04-21,17:24:05,-07:00,2025-04-21T17:24:05-07:00,0,0
global.js,127,js,b376b686,NandaPayy,2025-04-21,17:24:05,-07:00,2025-04-21T17:24:05-07:00,0,0
global.js,128,js,f8887e8d,NandaPayy,2025-04-14,16:34:22,-07:00,2025-04-14T16:34:22-07:00,0,0
global.js,129,js,b376b686,NandaPayy,2025-04-21,17:24:05,-07:00,2025-04-21T17:24:05-07:00,0,48
global.js,130,js,b376b686,NandaPayy,2025-04-21,17:24:05,-07:00,2025-04-21T17:24:05-07:00,0,60
global.js,131,js,b376b686,NandaPayy,2025-04-21,17:24:05,-07:00,2025-04-21T17:24:05-07:00,0,0
resume/index.html,1,html,b21ff6f8,NandaPayy,2025-04-03,18:23:19,-07:00,2025-04-03T18:23:19-07:00,0,14
resume/index.html,2,html,b21ff6f8,NandaPayy,2025-04-03,18:23:19,-07:00,2025-04-03T18:23:19-07:00,0,15
resume/index.html,3,html,b21ff6f8,NandaPayy,2025-04-03,18:23:19,-07:00,2025-04-03T18:23:19-07:00,0,5
resume/index.html,4,html,b21ff6f8,NandaPayy,2025-04-03,18:23:19,-07:00,2025-04-03T18:23:19-07:00,0,21
resume/index.html,5,html,b21ff6f8,NandaPayy,2025-04-03,18:23:19,-07:00,2025-04-03T18:23:19-07:00,0,69
resume/index.html,6,html,b21ff6f8,NandaPayy,2025-04-03,18:23:19,-07:00,2025-04-03T18:23:19-07:00,0,39
resume/index.html,7,html,b21ff6f8,NandaPayy,2025-04-03,18:23:19,-07:00,2025-04-03T18:23:19-07:00,0,42
resume/index.html,8,html,f8887e8d,NandaPayy,2025-04-14,16:34:22,-07:00,2025-04-14T16:34:22-07:00,0,49
resume/index.html,9,html,b21ff6f8,NandaPayy,2025-04-03,18:23:19,-07:00,2025-04-03T18:23:19-07:00,0,6
resume/index.html,10,html,b21ff6f8,NandaPayy,2025-04-03,18:23:19,-07:00,2025-04-03T18:23:19-07:00,0,5
resume/index.html,11,html,f8887e8d,NandaPayy,2025-04-14,16:34:22,-07:00,2025-04-14T16:34:22-07:00,0,0
resume/index.html,12,html,b21ff6f8,NandaPayy,2025-04-03,18:23:19,-07:00,2025-04-03T18:23:19-07:00,0,8
resume/index.html,13,html,b21ff6f8,NandaPayy,2025-04-03,18:23:19,-07:00,2025-04-03T18:23:19-07:00,0,7
resume/index.html,14,html,b21ff6f8,NandaPayy,2025-04-03,18:23:19,-07:00,2025-04-03T18:23:19-07:00,0,17
resume/index.html,15,html,b21ff6f8,NandaPayy,2025-04-03,18:23:19,-07:00,2025-04-03T18:23:19-07:00,0,8
resume/index.html,16,html,b21ff6f8,NandaPayy,2025-04-03,18:23:19,-07:00,2025-04-03T18:23:19-07:00,0,8
resume/index.html,17,html,706e054f,NandaPayy,2025-04-08,18:08:35,-07:00,2025-04-08T18:08:35-07:00,0,43
resume/index.html,18,html,b21ff6f8,NandaPayy,2025-04-03,18:23:19,-07:00,2025-04-03T18:23:19-07:00,0,84
resume/index.html,19,html,706e054f,NandaPayy,2025-04-08,18:08:35,-07:00,2025-04-08T18:08:35-07:00,0,70
resume/index.html,20,html,b21ff6f8,NandaPayy,2025-04-03,18:23:19,-07:00,2025-04-03T18:23:19-07:00,0,9
resume/index.html,21,html,b21ff6f8,NandaPayy,2025-04-03,18:23:19,-07:00,2025-04-03T18:23:19-07:00,0,9
resume/index.html,22,html,b21ff6f8,NandaPayy,2025-04-03,18:23:19,-07:00,2025-04-03T18:23:19-07:00,0,0
resume/index.html,23,html,b21ff6f8,NandaPayy,2025-04-03,18:23:19,-07:00,2025-04-03T18:23:19-07:00,0,8
resume/index.html,24,html,b21ff6f8,NandaPayy,2025-04-03,18:23:19,-07:00,2025-04-03T18:23:19-07:00,0,7
resume/index.html,25,html,b21ff6f8,NandaPayy,2025-04-03,18:23:19,-07:00,2025-04-03T18:23:19-07:00,0,29
resume/index.html,26,html,b21ff6f8,NandaPayy,2025-04-03,18:23:19,-07:00,2025-04-03T18:23:19-07:00,0,8
resume/index.html,27,html,b21ff6f8,NandaPayy,2025-04-03,18:23:19,-07:00,2025-04-03T18:23:19-07:00,0,8
resume/index.html,28,html,b21ff6f8,NandaPayy,2025-04-03,18:23:19,-07:00,2025-04-03T18:23:19-07:00,0,8
resume/index.html,29,html,c3392ab9,NandaPayy,2025-04-03,18:29:23,-07:00,2025-04-03T18:29:23-07:00,0,21
resume/index.html,30,html,b21ff6f8,NandaPayy,2025-04-03,18:23:19,-07:00,2025-04-03T18:23:19-07:00,0,83
resume/index.html,31,html,b21ff6f8,NandaPayy,2025-04-03,18:23:19,-07:00,2025-04-03T18:23:19-07:00,0,138
resume/index.html,32,html,b21ff6f8,NandaPayy,2025-04-03,18:23:19,-07:00,2025-04-03T18:23:19-07:00,0,9
resume/index.html,33,html,c3392ab9,NandaPayy,2025-04-03,18:29:23,-07:00,2025-04-03T18:29:23-07:00,0,46
resume/index.html,34,html,b21ff6f8,NandaPayy,2025-04-03,18:23:19,-07:00,2025-04-03T18:23:19-07:00,0,83
resume/index.html,35,html,b21ff6f8,NandaPayy,2025-04-03,18:23:19,-07:00,2025-04-03T18:23:19-07:00,0,2
resume/index.html,36,html,b21ff6f8,NandaPayy,2025-04-03,18:23:19,-07:00,2025-04-03T18:23:19-07:00,0,239
resume/index.html,37,html,b21ff6f8,NandaPayy,2025-04-03,18:23:19,-07:00,2025-04-03T18:23:19-07:00,0,3
resume/index.html,38,html,b21ff6f8,NandaPayy,2025-04-03,18:23:19,-07:00,2025-04-03T18:23:19-07:00,0,9
resume/index.html,39,html,b21ff6f8,NandaPayy,2025-04-03,18:23:19,-07:00,2025-04-03T18:23:19-07:00,0,9
resume/index.html,40,html,b21ff6f8,NandaPayy,2025-04-03,18:23:19,-07:00,2025-04-03T18:23:19-07:00,0,0
resume/index.html,41,html,b21ff6f8,NandaPayy,2025-04-03,18:23:19,-07:00,2025-04-03T18:23:19-07:00,0,8
resume/index.html,42,html,b21ff6f8,NandaPayy,2025-04-03,18:23:19,-07:00,2025-04-03T18:23:19-07:00,0,7
resume/index.html,43,html,b21ff6f8,NandaPayy,2025-04-03,18:23:19,-07:00,2025-04-03T18:23:19-07:00,0,16
resume/index.html,44,html,b21ff6f8,NandaPayy,2025-04-03,18:23:19,-07:00,2025-04-03T18:23:19-07:00,0,8
resume/index.html,45,html,b21ff6f8,NandaPayy,2025-04-03,18:23:19,-07:00,2025-04-03T18:23:19-07:00,0,8
resume/index.html,46,html,b21ff6f8,NandaPayy,2025-04-03,18:23:19,-07:00,2025-04-03T18:23:19-07:00,0,8
resume/index.html,47,html,c3392ab9,NandaPayy,2025-04-03,18:29:23,-07:00,2025-04-03T18:29:23-07:00,0,33
resume/index.html,48,html,b21ff6f8,NandaPayy,2025-04-03,18:23:19,-07:00,2025-04-03T18:23:19-07:00,0,39
resume/index.html,49,html,b21ff6f8,NandaPayy,2025-04-03,18:23:19,-07:00,2025-04-03T18:23:19-07:00,0,147
resume/index.html,50,html,b21ff6f8,NandaPayy,2025-04-03,18:23:19,-07:00,2025-04-03T18:23:19-07:00,0,9
resume/index.html,51,html,c3392ab9,NandaPayy,2025-04-03,18:29:23,-07:00,2025-04-03T18:29:23-07:00,0,27
resume/index.html,52,html,b21ff6f8,NandaPayy,2025-04-03,18:23:19,-07:00,2025-04-03T18:23:19-07:00,0,39
resume/index.html,53,html,b21ff6f8,NandaPayy,2025-04-03,18:23:19,-07:00,2025-04-03T18:23:19-07:00,0,2
resume/index.html,54,html,b21ff6f8,NandaPayy,2025-04-03,18:23:19,-07:00,2025-04-03T18:23:19-07:00,0,174
resume/index.html,55,html,b21ff6f8,NandaPayy,2025-04-03,18:23:19,-07:00,2025-04-03T18:23:19-07:00,0,3
resume/index.html,56,html,b21ff6f8,NandaPayy,2025-04-03,18:23:19,-07:00,2025-04-03T18:23:19-07:00,0,9
resume/index.html,57,html,b21ff6f8,NandaPayy,2025-04-03,18:23:19,-07:00,2025-04-03T18:23:19-07:00,0,9
resume/index.html,58,html,b21ff6f8,NandaPayy,2025-04-03,18:23:19,-07:00,2025-04-03T18:23:19-07:00,0,0
resume/index.html,59,html,b21ff6f8,NandaPayy,2025-04-03,18:23:19,-07:00,2025-04-03T18:23:19-07:00,0,8
resume/index.html,60,html,b21ff6f8,NandaPayy,2025-04-03,18:23:19,-07:00,2025-04-03T18:23:19-07:00,0,7
resume/index.html,61,html,b21ff6f8,NandaPayy,2025-04-03,18:23:19,-07:00,2025-04-03T18:23:19-07:00,0,14
resume/index.html,62,html,b21ff6f8,NandaPayy,2025-04-03,18:23:19,-07:00,2025-04-03T18:23:19-07:00,0,8
resume/index.html,63,html,b21ff6f8,NandaPayy,2025-04-03,18:23:19,-07:00,2025-04-03T18:23:19-07:00,0,3
resume/index.html,64,html,b21ff6f8,NandaPayy,2025-04-03,18:23:19,-07:00,2025-04-03T18:23:19-07:00,0,23
resume/index.html,65,html,b21ff6f8,NandaPayy,2025-04-03,18:23:19,-07:00,2025-04-03T18:23:19-07:00,0,63
resume/index.html,66,html,b21ff6f8,NandaPayy,2025-04-03,18:23:19,-07:00,2025-04-03T18:23:19-07:00,0,38
resume/index.html,67,html,b21ff6f8,NandaPayy,2025-04-03,18:23:19,-07:00,2025-04-03T18:23:19-07:00,0,4
resume/index.html,68,html,b21ff6f8,NandaPayy,2025-04-03,18:23:19,-07:00,2025-04-03T18:23:19-07:00,0,9
resume/index.html,69,html,b21ff6f8,NandaPayy,2025-04-03,18:23:19,-07:00,2025-04-03T18:23:19-07:00,0,6
resume/index.html,70,html,b21ff6f8,NandaPayy,2025-04-03,18:23:19,-07:00,2025-04-03T18:23:19-07:00,0,6
projects/projects.js,1,js,b376b686,NandaPayy,2025-04-21,17:24:05,-07:00,2025-04-21T17:24:05-07:00,0,56
projects/projects.js,2,js,9f58d9b5,NandaPayy,2025-04-29,10:23:29,-07:00,2025-04-29T10:23:29-07:00,0,64
projects/projects.js,3,js,b376b686,NandaPayy,2025-04-21,17:24:05,-07:00,2025-04-21T17:24:05-07:00,0,56
projects/projects.js,4,js,b376b686,NandaPayy,2025-04-21,17:24:05,-07:00,2025-04-21T17:24:05-07:00,0,61
projects/projects.js,5,js,b376b686,NandaPayy,2025-04-21,17:24:05,-07:00,2025-04-21T17:24:05-07:00,0,49
projects/projects.js,6,js,b376b686,NandaPayy,2025-04-21,17:24:05,-07:00,2025-04-21T17:24:05-07:00,0,85
projects/projects.js,7,js,b376b686,NandaPayy,2025-04-21,17:24:05,-07:00,2025-04-21T17:24:05-07:00,0,0
projects/projects.js,8,js,9f58d9b5,NandaPayy,2025-04-29,10:23:29,-07:00,2025-04-29T10:23:29-07:00,0,22
projects/projects.js,9,js,9f58d9b5,NandaPayy,2025-04-29,10:23:29,-07:00,2025-04-29T10:23:29-07:00,0,44
projects/projects.js,10,js,b376b686,NandaPayy,2025-04-21,17:24:05,-07:00,2025-04-21T17:24:05-07:00,0,0
projects/projects.js,11,js,9f58d9b5,NandaPayy,2025-04-29,10:23:29,-07:00,2025-04-29T10:23:29-07:00,0,56
projects/projects.js,12,js,9f58d9b5,NandaPayy,2025-04-29,10:23:29,-07:00,2025-04-29T10:23:29-07:00,0,49
projects/projects.js,13,js,9f58d9b5,NandaPayy,2025-04-29,10:23:29,-07:00,2025-04-29T10:23:29-07:00,0,40
projects/projects.js,14,js,9f58d9b5,NandaPayy,2025-04-29,10:23:29,-07:00,2025-04-29T10:23:29-07:00,0,14
projects/projects.js,15,js,9f58d9b5,NandaPayy,2025-04-29,10:23:29,-07:00,2025-04-29T10:23:29-07:00,0,2
projects/projects.js,16,js,9f58d9b5,NandaPayy,2025-04-29,10:23:29,-07:00,2025-04-29T10:23:29-07:00,0,0
projects/projects.js,17,js,9f58d9b5,NandaPayy,2025-04-29,10:23:29,-07:00,2025-04-29T10:23:29-07:00,0,44
projects/projects.js,18,js,9f58d9b5,NandaPayy,2025-04-29,10:23:29,-07:00,2025-04-29T10:23:29-07:00,0,24
projects/projects.js,19,js,55a98508,NandaPayy,2025-04-30,17:29:07,-07:00,2025-04-30T17:29:07-07:00,0,45
projects/projects.js,20,js,3d3b51d3,NandaPayy,2025-04-30,17:16:43,-07:00,2025-04-30T17:16:43-07:00,0,50
projects/projects.js,21,js,3d3b51d3,NandaPayy,2025-04-30,17:16:43,-07:00,2025-04-30T17:16:43-07:00,0,62
projects/projects.js,22,js,3d3b51d3,NandaPayy,2025-04-30,17:16:43,-07:00,2025-04-30T17:16:43-07:00,0,1
projects/projects.js,23,js,9f58d9b5,NandaPayy,2025-04-29,10:23:29,-07:00,2025-04-29T10:23:29-07:00,0,0
projects/projects.js,24,js,55a98508,NandaPayy,2025-04-30,17:29:07,-07:00,2025-04-30T17:29:07-07:00,0,46
projects/projects.js,25,js,3d3b51d3,NandaPayy,2025-04-30,17:16:43,-07:00,2025-04-30T17:16:43-07:00,0,60
projects/projects.js,26,js,3d3b51d3,NandaPayy,2025-04-30,17:16:43,-07:00,2025-04-30T17:16:43-07:00,0,37
projects/projects.js,27,js,9f58d9b5,NandaPayy,2025-04-29,10:23:29,-07:00,2025-04-29T10:23:29-07:00,0,53
projects/projects.js,28,js,3d3b51d3,NandaPayy,2025-04-30,17:16:43,-07:00,2025-04-30T17:16:43-07:00,0,36
projects/projects.js,29,js,9f58d9b5,NandaPayy,2025-04-29,10:23:29,-07:00,2025-04-29T10:23:29-07:00,0,2
projects/projects.js,30,js,9f58d9b5,NandaPayy,2025-04-29,10:23:29,-07:00,2025-04-29T10:23:29-07:00,0,0
projects/projects.js,31,js,55a98508,NandaPayy,2025-04-30,17:29:07,-07:00,2025-04-30T17:29:07-07:00,0,24
projects/projects.js,32,js,9f58d9b5,NandaPayy,2025-04-29,10:23:29,-07:00,2025-04-29T10:23:29-07:00,0,57
projects/projects.js,33,js,55a98508,NandaPayy,2025-04-30,17:29:07,-07:00,2025-04-30T17:29:07-07:00,0,30
projects/projects.js,34,js,9f58d9b5,NandaPayy,2025-04-29,10:23:29,-07:00,2025-04-29T10:23:29-07:00,0,0
projects/projects.js,35,js,9f58d9b5,NandaPayy,2025-04-29,10:23:29,-07:00,2025-04-29T10:23:29-07:00,0,0
projects/projects.js,36,js,55a98508,NandaPayy,2025-04-30,17:29:07,-07:00,2025-04-30T17:29:07-07:00,0,20
projects/projects.js,37,js,9f58d9b5,NandaPayy,2025-04-29,10:23:29,-07:00,2025-04-29T10:23:29-07:00,0,0
projects/projects.js,38,js,9f58d9b5,NandaPayy,2025-04-29,10:23:29,-07:00,2025-04-29T10:23:29-07:00,0,39
projects/projects.js,39,js,9f58d9b5,NandaPayy,2025-04-29,10:23:29,-07:00,2025-04-29T10:23:29-07:00,0,28
projects/projects.js,40,js,9f58d9b5,NandaPayy,2025-04-29,10:23:29,-07:00,2025-04-29T10:23:29-07:00,0,27
projects/projects.js,41,js,9f58d9b5,NandaPayy,2025-04-29,10:23:29,-07:00,2025-04-29T10:23:29-07:00,0,13
projects/projects.js,42,js,9f58d9b5,NandaPayy,2025-04-29,10:23:29,-07:00,2025-04-29T10:23:29-07:00,0,15
projects/projects.js,43,js,9f58d9b5,NandaPayy,2025-04-29,10:23:29,-07:00,2025-04-29T10:23:29-07:00,0,12
projects/projects.js,44,js,9f58d9b5,NandaPayy,2025-04-29,10:23:29,-07:00,2025-04-29T10:23:29-07:00,0,1
projects/projects.js,45,js,9f58d9b5,NandaPayy,2025-04-29,10:23:29,-07:00,2025-04-29T10:23:29-07:00,0,0
projects/projects.js,46,js,9f58d9b5,NandaPayy,2025-04-29,10:23:29,-07:00,2025-04-29T10:23:29-07:00,0,49
projects/projects.js,47,js,9f58d9b5,NandaPayy,2025-04-29,10:23:29,-07:00,2025-04-29T10:23:29-07:00,0,11
projects/projects.js,48,js,9f58d9b5,NandaPayy,2025-04-29,10:23:29,-07:00,2025-04-29T10:23:29-07:00,0,11
projects/projects.js,49,js,9f58d9b5,NandaPayy,2025-04-29,10:23:29,-07:00,2025-04-29T10:23:29-07:00,0,3
projects/projects.js,50,js,9f58d9b5,NandaPayy,2025-04-29,10:23:29,-07:00,2025-04-29T10:23:29-07:00,0,0
projects/projects.js,51,js,9f58d9b5,NandaPayy,2025-04-29,10:23:29,-07:00,2025-04-29T10:23:29-07:00,0,17
projects/projects.js,52,js,9f58d9b5,NandaPayy,2025-04-29,10:23:29,-07:00,2025-04-29T10:23:29-07:00,0,53
projects/projects.js,53,js,9f58d9b5,NandaPayy,2025-04-29,10:23:29,-07:00,2025-04-29T10:23:29-07:00,0,43
projects/projects.js,54,js,9f58d9b5,NandaPayy,2025-04-29,10:23:29,-07:00,2025-04-29T10:23:29-07:00,0,51
projects/projects.js,55,js,9f58d9b5,NandaPayy,2025-04-29,10:23:29,-07:00,2025-04-29T10:23:29-07:00,0,39
projects/projects.js,56,js,9f58d9b5,NandaPayy,2025-04-29,10:23:29,-07:00,2025-04-29T10:23:29-07:00,0,0
projects/projects.js,57,js,9f58d9b5,NandaPayy,2025-04-29,10:23:29,-07:00,2025-04-29T10:23:29-07:00,0,28
projects/projects.js,58,js,9f58d9b5,NandaPayy,2025-04-29,10:23:29,-07:00,2025-04-29T10:23:29-07:00,0,30
projects/projects.js,59,js,9f58d9b5,NandaPayy,2025-04-29,10:23:29,-07:00,2025-04-29T10:23:29-07:00,0,0
projects/projects.js,60,js,9f58d9b5,NandaPayy,2025-04-29,10:23:29,-07:00,2025-04-29T10:23:29-07:00,0,29
projects/projects.js,61,js,3d3b51d3,NandaPayy,2025-04-30,17:16:43,-07:00,2025-04-30T17:16:43-07:00,0,91
projects/projects.js,62,js,3d3b51d3,NandaPayy,2025-04-30,17:16:43,-07:00,2025-04-30T17:16:43-07:00,0,0
projects/projects.js,63,js,9f58d9b5,NandaPayy,2025-04-29,10:23:29,-07:00,2025-04-29T10:23:29-07:00,0,2
projects/projects.js,64,js,9f58d9b5,NandaPayy,2025-04-29,10:23:29,-07:00,2025-04-29T10:23:29-07:00,0,14
projects/projects.js,65,js,9f58d9b5,NandaPayy,2025-04-29,10:23:29,-07:00,2025-04-29T10:23:29-07:00,0,18
projects/projects.js,66,js,3d3b51d3,NandaPayy,2025-04-30,17:16:43,-07:00,2025-04-30T17:16:43-07:00,0,19
projects/projects.js,67,js,9f58d9b5,NandaPayy,2025-04-29,10:23:29,-07:00,2025-04-29T10:23:29-07:00,0,25
projects/projects.js,68,js,9f58d9b5,NandaPayy,2025-04-29,10:23:29,-07:00,2025-04-29T10:23:29-07:00,0,26
projects/projects.js,69,js,9f58d9b5,NandaPayy,2025-04-29,10:23:29,-07:00,2025-04-29T10:23:29-07:00,0,52
projects/projects.js,70,js,9f58d9b5,NandaPayy,2025-04-29,10:23:29,-07:00,2025-04-29T10:23:29-07:00,0,19
projects/projects.js,71,js,9f58d9b5,NandaPayy,2025-04-29,10:23:29,-07:00,2025-04-29T10:23:29-07:00,0,44
projects/projects.js,72,js,9f58d9b5,NandaPayy,2025-04-29,10:23:29,-07:00,2025-04-29T10:23:29-07:00,0,0
projects/projects.js,73,js,3d3b51d3,NandaPayy,2025-04-30,17:16:43,-07:00,2025-04-30T17:16:43-07:00,0,45
projects/projects.js,74,js,9f58d9b5,NandaPayy,2025-04-29,10:23:29,-07:00,2025-04-29T10:23:29-07:00,0,14
projects/projects.js,75,js,9f58d9b5,NandaPayy,2025-04-29,10:23:29,-07:00,2025-04-29T10:23:29-07:00,0,2
projects/projects.js,76,js,9f58d9b5,NandaPayy,2025-04-29,10:23:29,-07:00,2025-04-29T10:23:29-07:00,0,2
projects/projects.js,77,js,9f58d9b5,NandaPayy,2025-04-29,10:23:29,-07:00,2025-04-29T10:23:29-07:00,0,0
projects/projects.js,78,js,9f58d9b5,NandaPayy,2025-04-29,10:23:29,-07:00,2025-04-29T10:23:29-07:00,0,14
projects/projects.js,79,js,9f58d9b5,NandaPayy,2025-04-29,10:23:29,-07:00,2025-04-29T10:23:29-07:00,0,35
projects/projects.js,80,js,9f58d9b5,NandaPayy,2025-04-29,10:23:29,-07:00,2025-04-29T10:23:29-07:00,0,31
projects/projects.js,81,js,9f58d9b5,NandaPayy,2025-04-29,10:23:29,-07:00,2025-04-29T10:23:29-07:00,0,0
projects/projects.js,82,js,9f58d9b5,NandaPayy,2025-04-29,10:23:29,-07:00,2025-04-29T10:23:29-07:00,0,30
projects/projects.js,83,js,9f58d9b5,NandaPayy,2025-04-29,10:23:29,-07:00,2025-04-29T10:23:29-07:00,0,29
projects/projects.js,84,js,9f58d9b5,NandaPayy,2025-04-29,10:23:29,-07:00,2025-04-29T10:23:29-07:00,0,53
projects/projects.js,85,js,9f58d9b5,NandaPayy,2025-04-29,10:23:29,-07:00,2025-04-29T10:23:29-07:00,0,0
projects/projects.js,86,js,3d3b51d3,NandaPayy,2025-04-30,17:16:43,-07:00,2025-04-30T17:16:43-07:00,0,95
projects/projects.js,87,js,3d3b51d3,NandaPayy,2025-04-30,17:16:43,-07:00,2025-04-30T17:16:43-07:00,0,0
projects/projects.js,88,js,9f58d9b5,NandaPayy,2025-04-29,10:23:29,-07:00,2025-04-29T10:23:29-07:00,0,16
projects/projects.js,89,js,9f58d9b5,NandaPayy,2025-04-29,10:23:29,-07:00,2025-04-29T10:23:29-07:00,0,23
projects/projects.js,90,js,3d3b51d3,NandaPayy,2025-04-30,17:16:43,-07:00,2025-04-30T17:16:43-07:00,0,33
projects/projects.js,91,js,9f58d9b5,NandaPayy,2025-04-29,10:23:29,-07:00,2025-04-29T10:23:29-07:00,0,0
projects/projects.js,92,js,9f58d9b5,NandaPayy,2025-04-29,10:23:29,-07:00,2025-04-29T10:23:29-07:00,0,16
projects/projects.js,93,js,9f58d9b5,NandaPayy,2025-04-29,10:23:29,-07:00,2025-04-29T10:23:29-07:00,0,32
projects/projects.js,94,js,9f58d9b5,NandaPayy,2025-04-29,10:23:29,-07:00,2025-04-29T10:23:29-07:00,0,2
projects/projects.js,95,js,9f58d9b5,NandaPayy,2025-04-29,10:23:29,-07:00,2025-04-29T10:23:29-07:00,0,0
projects/projects.js,96,js,9f58d9b5,NandaPayy,2025-04-29,10:23:29,-07:00,2025-04-29T10:23:29-07:00,0,0
projects/projects.js,97,js,9f58d9b5,NandaPayy,2025-04-29,10:23:29,-07:00,2025-04-29T10:23:29-07:00,0,16
projects/projects.js,98,js,3d3b51d3,NandaPayy,2025-04-30,17:16:43,-07:00,2025-04-30T17:16:43-07:00,0,14
projects/index.html,1,html,86cd0734,NandaPayy,2025-04-03,18:01:14,-07:00,2025-04-03T18:01:14-07:00,0,14
projects/index.html,2,html,86cd0734,NandaPayy,2025-04-03,18:01:14,-07:00,2025-04-03T18:01:14-07:00,0,15
projects/index.html,3,html,86cd0734,NandaPayy,2025-04-03,18:01:14,-07:00,2025-04-03T18:01:14-07:00,0,5
projects/index.html,4,html,86cd0734,NandaPayy,2025-04-03,18:01:14,-07:00,2025-04-03T18:01:14-07:00,0,21
projects/index.html,5,html,86cd0734,NandaPayy,2025-04-03,18:01:14,-07:00,2025-04-03T18:01:14-07:00,0,69
projects/index.html,6,html,86cd0734,NandaPayy,2025-04-03,18:01:14,-07:00,2025-04-03T18:01:14-07:00,0,41
projects/index.html,7,html,86cd0734,NandaPayy,2025-04-03,18:01:14,-07:00,2025-04-03T18:01:14-07:00,0,42
projects/index.html,8,html,f8887e8d,NandaPayy,2025-04-14,16:34:22,-07:00,2025-04-14T16:34:22-07:00,0,49
projects/index.html,9,html,b376b686,NandaPayy,2025-04-21,17:24:05,-07:00,2025-04-21T17:24:05-07:00,0,48
projects/index.html,10,html,b376b686,NandaPayy,2025-04-21,17:24:05,-07:00,2025-04-21T17:24:05-07:00,0,0
projects/index.html,11,html,86cd0734,NandaPayy,2025-04-03,18:01:14,-07:00,2025-04-03T18:01:14-07:00,0,6
projects/index.html,12,html,86cd0734,NandaPayy,2025-04-03,18:01:14,-07:00,2025-04-03T18:01:14-07:00,0,5
projects/index.html,13,html,f8887e8d,NandaPayy,2025-04-14,16:34:22,-07:00,2025-04-14T16:34:22-07:00,0,0
projects/index.html,14,html,b376b686,NandaPayy,2025-04-21,17:24:05,-07:00,2025-04-21T17:24:05-07:00,0,39
projects/index.html,15,html,9f58d9b5,NandaPayy,2025-04-29,10:23:29,-07:00,2025-04-29T10:23:29-07:00,0,22
projects/index.html,16,html,9f58d9b5,NandaPayy,2025-04-29,10:23:29,-07:00,2025-04-29T10:23:29-07:00,0,74
projects/index.html,17,html,9f58d9b5,NandaPayy,2025-04-29,10:23:29,-07:00,2025-04-29T10:23:29-07:00,0,5
projects/index.html,18,html,9f58d9b5,NandaPayy,2025-04-29,10:23:29,-07:00,2025-04-29T10:23:29-07:00,0,23
projects/index.html,19,html,9f58d9b5,NandaPayy,2025-04-29,10:23:29,-07:00,2025-04-29T10:23:29-07:00,0,5
projects/index.html,20,html,9f58d9b5,NandaPayy,2025-04-29,10:23:29,-07:00,2025-04-29T10:23:29-07:00,0,5
projects/index.html,21,html,9f58d9b5,NandaPayy,2025-04-29,10:23:29,-07:00,2025-04-29T10:23:29-07:00,0,16
projects/index.html,22,html,9f58d9b5,NandaPayy,2025-04-29,10:23:29,-07:00,2025-04-29T10:23:29-07:00,0,12
projects/index.html,23,html,9f58d9b5,NandaPayy,2025-04-29,10:23:29,-07:00,2025-04-29T10:23:29-07:00,0,27
projects/index.html,24,html,9f58d9b5,NandaPayy,2025-04-29,10:23:29,-07:00,2025-04-29T10:23:29-07:00,0,32
projects/index.html,25,html,9f58d9b5,NandaPayy,2025-04-29,10:23:29,-07:00,2025-04-29T10:23:29-07:00,0,1
projects/index.html,26,html,9f58d9b5,NandaPayy,2025-04-29,10:23:29,-07:00,2025-04-29T10:23:29-07:00,0,0
projects/index.html,27,html,706e054f,NandaPayy,2025-04-08,18:08:35,-07:00,2025-04-08T18:08:35-07:00,0,21
projects/index.html,28,html,b376b686,NandaPayy,2025-04-21,17:24:05,-07:00,2025-04-21T17:24:05-07:00,0,13
projects/index.html,29,html,706e054f,NandaPayy,2025-04-08,18:08:35,-07:00,2025-04-08T18:08:35-07:00,0,30
projects/index.html,30,html,706e054f,NandaPayy,2025-04-08,18:08:35,-07:00,2025-04-08T18:08:35-07:00,0,71
projects/index.html,31,html,706e054f,NandaPayy,2025-04-08,18:08:35,-07:00,2025-04-08T18:08:35-07:00,0,217
projects/index.html,32,html,706e054f,NandaPayy,2025-04-08,18:08:35,-07:00,2025-04-08T18:08:35-07:00,0,9
projects/index.html,33,html,706e054f,NandaPayy,2025-04-08,18:08:35,-07:00,2025-04-08T18:08:35-07:00,0,8
projects/index.html,34,html,706e054f,NandaPayy,2025-04-08,18:08:35,-07:00,2025-04-08T18:08:35-07:00,0,43
projects/index.html,35,html,706e054f,NandaPayy,2025-04-08,18:08:35,-07:00,2025-04-08T18:08:35-07:00,0,71
projects/index.html,36,html,706e054f,NandaPayy,2025-04-08,18:08:35,-07:00,2025-04-08T18:08:35-07:00,0,239
projects/index.html,37,html,706e054f,NandaPayy,2025-04-08,18:08:35,-07:00,2025-04-08T18:08:35-07:00,0,9
projects/index.html,38,html,706e054f,NandaPayy,2025-04-08,18:08:35,-07:00,2025-04-08T18:08:35-07:00,0,8
projects/index.html,39,html,706e054f,NandaPayy,2025-04-08,18:08:35,-07:00,2025-04-08T18:08:35-07:00,0,39
projects/index.html,40,html,706e054f,NandaPayy,2025-04-08,18:08:35,-07:00,2025-04-08T18:08:35-07:00,0,71
projects/index.html,41,html,706e054f,NandaPayy,2025-04-08,18:08:35,-07:00,2025-04-08T18:08:35-07:00,0,252
projects/index.html,42,html,706e054f,NandaPayy,2025-04-08,18:08:35,-07:00,2025-04-08T18:08:35-07:00,0,9
projects/index.html,43,html,706e054f,NandaPayy,2025-04-08,18:08:35,-07:00,2025-04-08T18:08:35-07:00,0,8
projects/index.html,44,html,706e054f,NandaPayy,2025-04-08,18:08:35,-07:00,2025-04-08T18:08:35-07:00,0,39
projects/index.html,45,html,706e054f,NandaPayy,2025-04-08,18:08:35,-07:00,2025-04-08T18:08:35-07:00,0,71
projects/index.html,46,html,706e054f,NandaPayy,2025-04-08,18:08:35,-07:00,2025-04-08T18:08:35-07:00,0,200
projects/index.html,47,html,706e054f,NandaPayy,2025-04-08,18:08:35,-07:00,2025-04-08T18:08:35-07:00,0,9
projects/index.html,48,html,706e054f,NandaPayy,2025-04-08,18:08:35,-07:00,2025-04-08T18:08:35-07:00,0,8
projects/index.html,49,html,706e054f,NandaPayy,2025-04-08,18:08:35,-07:00,2025-04-08T18:08:35-07:00,0,35
projects/index.html,50,html,706e054f,NandaPayy,2025-04-08,18:08:35,-07:00,2025-04-08T18:08:35-07:00,0,71
projects/index.html,51,html,706e054f,NandaPayy,2025-04-08,18:08:35,-07:00,2025-04-08T18:08:35-07:00,0,245
projects/index.html,52,html,706e054f,NandaPayy,2025-04-08,18:08:35,-07:00,2025-04-08T18:08:35-07:00,0,9
projects/index.html,53,html,706e054f,NandaPayy,2025-04-08,18:08:35,-07:00,2025-04-08T18:08:35-07:00,0,8
projects/index.html,54,html,706e054f,NandaPayy,2025-04-08,18:08:35,-07:00,2025-04-08T18:08:35-07:00,0,31
projects/index.html,55,html,706e054f,NandaPayy,2025-04-08,18:08:35,-07:00,2025-04-08T18:08:35-07:00,0,71
projects/index.html,56,html,706e054f,NandaPayy,2025-04-08,18:08:35,-07:00,2025-04-08T18:08:35-07:00,0,238
projects/index.html,57,html,706e054f,NandaPayy,2025-04-08,18:08:35,-07:00,2025-04-08T18:08:35-07:00,0,9
projects/index.html,58,html,706e054f,NandaPayy,2025-04-08,18:08:35,-07:00,2025-04-08T18:08:35-07:00,0,8
projects/index.html,59,html,706e054f,NandaPayy,2025-04-08,18:08:35,-07:00,2025-04-08T18:08:35-07:00,0,49
projects/index.html,60,html,706e054f,NandaPayy,2025-04-08,18:08:35,-07:00,2025-04-08T18:08:35-07:00,0,71
projects/index.html,61,html,706e054f,NandaPayy,2025-04-08,18:08:35,-07:00,2025-04-08T18:08:35-07:00,0,234
projects/index.html,62,html,706e054f,NandaPayy,2025-04-08,18:08:35,-07:00,2025-04-08T18:08:35-07:00,0,9
projects/index.html,63,html,706e054f,NandaPayy,2025-04-08,18:08:35,-07:00,2025-04-08T18:08:35-07:00,0,8
projects/index.html,64,html,706e054f,NandaPayy,2025-04-08,18:08:35,-07:00,2025-04-08T18:08:35-07:00,0,45
projects/index.html,65,html,706e054f,NandaPayy,2025-04-08,18:08:35,-07:00,2025-04-08T18:08:35-07:00,0,71
projects/index.html,66,html,706e054f,NandaPayy,2025-04-08,18:08:35,-07:00,2025-04-08T18:08:35-07:00,0,238
projects/index.html,67,html,706e054f,NandaPayy,2025-04-08,18:08:35,-07:00,2025-04-08T18:08:35-07:00,0,9
projects/index.html,68,html,706e054f,NandaPayy,2025-04-08,18:08:35,-07:00,2025-04-08T18:08:35-07:00,0,8
projects/index.html,69,html,706e054f,NandaPayy,2025-04-08,18:08:35,-07:00,2025-04-08T18:08:35-07:00,0,45
projects/index.html,70,html,706e054f,NandaPayy,2025-04-08,18:08:35,-07:00,2025-04-08T18:08:35-07:00,0,71
projects/index.html,71,html,706e054f,NandaPayy,2025-04-08,18:08:35,-07:00,2025-04-08T18:08:35-07:00,0,243
projects/index.html,72,html,706e054f,NandaPayy,2025-04-08,18:08:35,-07:00,2025-04-08T18:08:35-07:00,0,9
projects/index.html,73,html,706e054f,NandaPayy,2025-04-08,18:08:35,-07:00,2025-04-08T18:08:35-07:00,0,8
projects/index.html,74,html,706e054f,NandaPayy,2025-04-08,18:08:35,-07:00,2025-04-08T18:08:35-07:00,0,35
projects/index.html,75,html,706e054f,NandaPayy,2025-04-08,18:08:35,-07:00,2025-04-08T18:08:35-07:00,0,71
projects/index.html,76,html,706e054f,NandaPayy,2025-04-08,18:08:35,-07:00,2025-04-08T18:08:35-07:00,0,242
projects/index.html,77,html,706e054f,NandaPayy,2025-04-08,18:08:35,-07:00,2025-04-08T18:08:35-07:00,0,9
projects/index.html,78,html,706e054f,NandaPayy,2025-04-08,18:08:35,-07:00,2025-04-08T18:08:35-07:00,0,8
projects/index.html,79,html,706e054f,NandaPayy,2025-04-08,18:08:35,-07:00,2025-04-08T18:08:35-07:00,0,31
projects/index.html,80,html,706e054f,NandaPayy,2025-04-08,18:08:35,-07:00,2025-04-08T18:08:35-07:00,0,71
projects/index.html,81,html,706e054f,NandaPayy,2025-04-08,18:08:35,-07:00,2025-04-08T18:08:35-07:00,0,239
projects/index.html,82,html,706e054f,NandaPayy,2025-04-08,18:08:35,-07:00,2025-04-08T18:08:35-07:00,0,9
projects/index.html,83,html,706e054f,NandaPayy,2025-04-08,18:08:35,-07:00,2025-04-08T18:08:35-07:00,0,8
projects/index.html,84,html,706e054f,NandaPayy,2025-04-08,18:08:35,-07:00,2025-04-08T18:08:35-07:00,0,38
projects/index.html,85,html,706e054f,NandaPayy,2025-04-08,18:08:35,-07:00,2025-04-08T18:08:35-07:00,0,71
projects/index.html,86,html,706e054f,NandaPayy,2025-04-08,18:08:35,-07:00,2025-04-08T18:08:35-07:00,0,227
projects/index.html,87,html,b376b686,NandaPayy,2025-04-21,17:24:05,-07:00,2025-04-21T17:24:05-07:00,0,13
projects/index.html,88,html,706e054f,NandaPayy,2025-04-08,18:08:35,-07:00,2025-04-08T18:08:35-07:00,0,5
projects/index.html,89,html,706e054f,NandaPayy,2025-04-08,18:08:35,-07:00,2025-04-08T18:08:35-07:00,0,0
projects/index.html,90,html,86cd0734,NandaPayy,2025-04-03,18:01:14,-07:00,2025-04-03T18:01:14-07:00,0,6
projects/index.html,91,html,86cd0734,NandaPayy,2025-04-03,18:01:14,-07:00,2025-04-03T18:01:14-07:00,0,6
contact/index.html,1,html,61c484e0,NandaPayy,2025-04-03,17:50:32,-07:00,2025-04-03T17:50:32-07:00,0,14
contact/index.html,2,html,61c484e0,NandaPayy,2025-04-03,17:50:32,-07:00,2025-04-03T17:50:32-07:00,0,15
contact/index.html,3,html,61c484e0,NandaPayy,2025-04-03,17:50:32,-07:00,2025-04-03T17:50:32-07:00,0,5
contact/index.html,4,html,61c484e0,NandaPayy,2025-04-03,17:50:32,-07:00,2025-04-03T17:50:32-07:00,0,21
contact/index.html,5,html,61c484e0,NandaPayy,2025-04-03,17:50:32,-07:00,2025-04-03T17:50:32-07:00,0,69
contact/index.html,6,html,61c484e0,NandaPayy,2025-04-03,17:50:32,-07:00,2025-04-03T17:50:32-07:00,0,40
contact/index.html,7,html,706e054f,NandaPayy,2025-04-08,18:08:35,-07:00,2025-04-08T18:08:35-07:00,0,42
contact/index.html,8,html,f8887e8d,NandaPayy,2025-04-14,16:34:22,-07:00,2025-04-14T16:34:22-07:00,0,49
contact/index.html,9,html,61c484e0,NandaPayy,2025-04-03,17:50:32,-07:00,2025-04-03T17:50:32-07:00,0,6
contact/index.html,10,html,61c484e0,NandaPayy,2025-04-03,17:50:32,-07:00,2025-04-03T17:50:32-07:00,0,5
contact/index.html,11,html,f8887e8d,NandaPayy,2025-04-14,16:34:22,-07:00,2025-04-14T16:34:22-07:00,0,0
contact/index.html,12,html,61c484e0,NandaPayy,2025-04-03,17:50:32,-07:00,2025-04-03T17:50:32-07:00,0,15
contact/index.html,13,html,f8887e8d,NandaPayy,2025-04-14,16:34:22,-07:00,2025-04-14T16:34:22-07:00,0,61
contact/index.html,14,html,61c484e0,NandaPayy,2025-04-03,17:50:32,-07:00,2025-04-03T17:50:32-07:00,0,6
contact/index.html,15,html,f8887e8d,NandaPayy,2025-04-14,16:34:22,-07:00,2025-04-14T16:34:22-07:00,0,7
contact/index.html,16,html,f8887e8d,NandaPayy,2025-04-14,16:34:22,-07:00,2025-04-14T16:34:22-07:00,0,30
contact/index.html,17,html,61c484e0,NandaPayy,2025-04-03,17:50:32,-07:00,2025-04-03T17:50:32-07:00,0,7
contact/index.html,18,html,61c484e0,NandaPayy,2025-04-03,17:50:32,-07:00,2025-04-03T17:50:32-07:00,0,6
contact/index.html,19,html,f8887e8d,NandaPayy,2025-04-14,16:34:22,-07:00,2025-04-14T16:34:22-07:00,0,7
contact/index.html,20,html,f8887e8d,NandaPayy,2025-04-14,16:34:22,-07:00,2025-04-14T16:34:22-07:00,0,41
contact/index.html,21,html,61c484e0,NandaPayy,2025-04-03,17:50:32,-07:00,2025-04-03T17:50:32-07:00,0,7
contact/index.html,22,html,61c484e0,NandaPayy,2025-04-03,17:50:32,-07:00,2025-04-03T17:50:32-07:00,0,20
contact/index.html,23,html,61c484e0,NandaPayy,2025-04-03,17:50:32,-07:00,2025-04-03T17:50:32-07:00,0,6
contact/index.html,24,html,61c484e0,NandaPayy,2025-04-03,17:50:32,-07:00,2025-04-03T17:50:32-07:00,0,6
contact/index.html,25,html,61c484e0,NandaPayy,2025-04-03,17:50:32,-07:00,2025-04-03T17:50:32-07:00,0,6
